obsdate,humidity,pressure,temperaturecel,temperaturefar,windspeed
2013-1-1 00:00:00,84.5,1015.666667,10,50,0
2013-1-2 00:00:00,92,1017.8,7.4,45.32,2.98
2013-1-3 00:00:00,87,1018.666667,7.166666667,44.9,4.633333333
2013-1-4 00:00:00,71.33333333,1017.166667,8.666666667,47.6,1.233333333
2013-1-5 00:00:00,86.83333333,1016.5,6,42.8,3.7
2013-1-6 00:00:00,82.8,1018,7,44.6,1.48
2013-1-7 00:00:00,78.6,1020,7,44.6,6.3
2013-1-8 00:00:00,63.71428571,1018.714286,8.857142857,47.94285714,7.142857143
2013-1-9 00:00:00,51.25,1017,14,57.2,12.5
2013-1-10 00:00:00,62,1015.666667,11,51.8,7.4
2013-1-11 00:00:00,51.28571429,1016.142857,15.71428571,60.28571428,10.57142857
2013-1-12 00:00:00,74,1015.571429,14,57.2,13.22857143
2013-1-13 00:00:00,75.16666667,1013.333333,15.83333333,60.49999999,4.633333333
2013-1-14 00:00:00,88.16666667,1015.166667,12.83333333,55.09999999,0.616666667
2013-1-15 00:00:00,71.85714286,1015.857143,14.71428571,58.48571428,0.528571429
2013-1-16 00:00:00,86.66666667,1016.666667,13.83333333,56.89999999,0
2013-1-17 00:00:00,80.83333333,1015.833333,16.5,61.7,5.25
2013-1-18 00:00:00,92.16666667,1014.5,13.83333333,56.89999999,8.95
2013-1-19 00:00:00,76.66666667,1021.666667,12.5,54.5,5.883333333
2013-1-20 00:00:00,75.28571429,1020.285714,11.28571429,52.31428572,8.471428571
2013-1-21 00:00:00,77,1021,11.2,52.16,2.22
2013-1-22 00:00:00,79.66666667,1021.8,9.5,49.1,3.083333333
2013-1-23 00:00:00,60.16666667,1020.5,14,57.2,4.016666667
2013-1-24 00:00:00,60.66666667,1020.5,13.83333333,56.89999999,6.166666667
2013-1-25 00:00:00,67,1020.75,12.25,54.05,5.55
2013-1-26 00:00:00,64.16666667,1019.666667,12.66666667,54.80000001,6.8
2013-1-27 00:00:00,65.57142857,1018.142857,12.85714286,55.14285715,5.557142857
2013-1-28 00:00:00,56,1017.833333,14.83333333,58.69999999,3.7
2013-1-29 00:00:00,65.5,1016.625,14.125,57.425,3.2375
2013-1-30 00:00:00,70.42857143,1017.857143,14.71428571,58.48571428,1.057142857
2013-1-31 00:00:00,65.6,1018.4,16.2,61.16,2.96
2013-2-1 00:00:00,73,1016,16,60.8,2.22
2013-2-2 00:00:00,77.57142857,1017.142857,16.28571429,61.31428572,1.328571429
2013-2-3 00:00:00,65.57142857,1015.285714,18,64.4,1.857142857
2013-2-4 00:00:00,74.28571429,1014.571429,17.42857143,63.37142857,11.11428571
2013-2-5 00:00:00,92.375,1016.375,16.625,61.925,9.725
2013-2-6 00:00:00,71.33333333,1018.666667,16.66666667,62.00000001,8.633333333
2013-2-7 00:00:00,59.4,1018.6,15.6,60.08,10.74
2013-2-8 00:00:00,70.42857143,1017.142857,14,57.2,9.257142857
2013-2-9 00:00:00,61.28571429,1016.857143,15.42857143,59.77142857,9.257142857
2013-2-10 00:00:00,71.5,1017.125,15.25,59.45,3.475
2013-2-11 00:00:00,70.5,1016.5,15.875,60.575,5.325
2013-2-12 00:00:00,70.33333333,1017.5,15.33333333,59.59999999,7.416666667
2013-2-13 00:00:00,70.14285714,1016,16.28571429,61.31428572,6.085714286
2013-2-14 00:00:00,63.83333333,1014.166667,17.33333333,63.19999999,4.333333333
2013-2-15 00:00:00,65.33333333,1011.666667,19.16666667,66.50000001,10.18333333
2013-2-16 00:00:00,92.71428571,1008,14.42857143,57.97142857,8.485714286
2013-2-17 00:00:00,90,1012.666667,13.66666667,56.60000001,0
2013-2-18 00:00:00,78.4,1016.2,15.6,60.08,12.22
2013-2-19 00:00:00,82,1015.714286,15.85714286,60.54285715,5.814285714
2013-2-20 00:00:00,74.71428571,1017,17.71428571,63.88571428,5.814285714
2013-2-21 00:00:00,67.28571429,1015.428571,20,68,6.614285714
2013-2-22 00:00:00,65.625,1016,20.5,68.9,10.875
2013-2-23 00:00:00,74.85714286,1017,17.42857143,63.37142857,9.257142857
2013-2-24 00:00:00,78.85714286,1018.857143,16.85714286,62.34285715,7.4
2013-2-25 00:00:00,72.875,1018.25,16.875,62.375,4.6375
2013-2-26 00:00:00,70,1015.142857,17.85714286,64.14285715,17.5875
2013-2-27 00:00:00,57.2,1015.2,20.8,69.44,6.66
2013-2-28 00:00:00,52.85714286,1017.428571,19.42857143,66.97142857,12.95714286
2013-3-1 00:00:00,49.33333333,1016.333333,17.33333333,63.19999999,24.06666667
2013-3-2 00:00:00,54,1016.25,19,66.2,15.725
2013-3-3 00:00:00,62.83333333,1016.166667,19.33333333,66.79999999,8.633333333
2013-3-4 00:00:00,71,1015.8,17.6,63.68,5.56
2013-3-5 00:00:00,61.875,1016.375,20.875,69.575,4.1625
2013-3-6 00:00:00,65.28571429,1015.714286,20.85714286,69.54285715,6.871428571
2013-3-7 00:00:00,57.14285714,1015.285714,23.42857143,74.17142857,8.728571429
2013-3-8 00:00:00,44.83333333,1014.833333,24.16666667,75.50000001,7.1
2013-3-9 00:00:00,49.71428571,1009.285714,25.42857143,77.77142857,5.285714286
2013-3-10 00:00:00,57.57142857,1008,23.14285714,73.65714285,4.228571429
2013-3-11 00:00:00,66.33333333,1011.166667,24,75.2,0.933333333
2013-3-12 00:00:00,62.5,1011.5,23.5,74.3,4.933333333
2013-3-13 00:00:00,70.5,1009,21.5,70.7,5.55
2013-3-14 00:00:00,61.16666667,1013.166667,22.33333333,72.19999999,12.03333333
2013-3-15 00:00:00,45.83333333,1016.166667,24.16666667,75.50000001,7.716666667
2013-3-16 00:00:00,67.66666667,1016.166667,20.33333333,68.59999999,3.7
2013-3-17 00:00:00,58.66666667,1015,22.66666667,72.80000001,8.95
2013-3-18 00:00:00,58.14285714,1009.428571,23.42857143,74.17142857,17.45714286
2013-3-19 00:00:00,73.66666667,1011,22.5,72.5,10.48333333
2013-3-20 00:00:00,36.33333333,1009.5,29.16666667,84.50000001,6.8
2013-3-21 00:00:00,58.5,1008.333333,23.83333333,74.89999999,10.5
2013-3-22 00:00:00,50.25,1006.375,25.25,77.45,9.7125
2013-3-23 00:00:00,50.125,1007.625,27.375,81.275,9.95
2013-3-24 00:00:00,48.75,1010.25,27,80.6,10.8875
2013-3-25 00:00:00,45.5,1010.625,23.5,74.3,15.9625
2013-3-26 00:00:00,44.57142857,1008.857143,24.14285714,75.45714285,12.95714286
2013-3-27 00:00:00,62,1009,21,69.8,1.85
2013-3-28 00:00:00,62.71428571,1009.571429,22.42857143,72.37142857,7.414285714
2013-3-29 00:00:00,70.375,1009.75,21.25,70.25,5.55
2013-3-30 00:00:00,54.75,1008.625,23.5,74.3,11.1125
2013-3-31 00:00:00,58,1008.6,23.2,73.76,6.66
2013-4-1 00:00:00,45.5,1008.5,25.375,77.675,4.4
2013-4-2 00:00:00,51,1009.5,25.16666667,77.30000001,8.65
2013-4-3 00:00:00,45.6,1009,26.2,79.16,8.14
2013-4-4 00:00:00,41.8,1007.8,24.6,76.28,11.12
2013-4-5 00:00:00,31,1007,25.6,78.08,15.56
2013-4-6 00:00:00,29.85714286,1006.142857,25.85714286,78.54285715,11.9
2013-4-7 00:00:00,23.28571429,1005,29.14285714,84.45714285,10.31428571
2013-4-8 00:00:00,33.85714286,1006,28.71428571,83.68571428,5.3
2013-4-9 00:00:00,30.5,1005.333333,30.16666667,86.30000001,8.65
2013-4-10 00:00:00,28,1006.714286,30,86,6.1
2013-4-11 00:00:00,24.2,1006.4,30,86,7.78
2013-4-12 00:00:00,32.57142857,1007.571429,28.85714286,83.94285715,6.342857143
2013-4-13 00:00:00,29.2,1008.4,30.2,86.36,10
2013-4-14 00:00:00,39.375,1007,28.25,82.85,6.4875
2013-4-15 00:00:00,41.375,1003.875,28.25,82.85,6.25
2013-4-16 00:00:00,24.625,1000,32.125,89.825,10.425
2013-4-17 00:00:00,24.2,1002.2,29.2,84.56,6.66
2013-4-18 00:00:00,30.28571429,1002.857143,30.28571429,86.51428572,4.757142857
2013-4-19 00:00:00,31.28571429,1002.571429,28.28571429,82.91428572,3.971428571
2013-4-20 00:00:00,29,1003.375,30.625,87.125,7.6375
2013-4-21 00:00:00,38.66666667,1006.833333,27.66666667,81.80000001,13.88333333
2013-4-22 00:00:00,45.375,1010,27.375,81.275,7.65
2013-4-23 00:00:00,44.125,1009.875,28.625,83.525,4.625
2013-4-24 00:00:00,41.71428571,1008.571429,30.28571429,86.51428572,2.114285714
2013-4-25 00:00:00,38.28571429,1007.714286,31.14285714,88.05714285,3.7
2013-4-26 00:00:00,45.875,1008.375,29.875,85.775,6.7125
2013-4-27 00:00:00,31.42857143,1007,31.14285714,88.05714285,13.48571429
2013-4-28 00:00:00,28,1005.428571,30.57142857,87.02857143,12.97142857
2013-4-29 00:00:00,26.375,1004.875,32.125,89.825,7.875
2013-4-30 00:00:00,32,1004.857143,31.14285714,88.05714285,7.928571429
2013-5-1 00:00:00,15.85714286,1002.833333,31.85714286,89.34285715,12.68571429
2013-5-2 00:00:00,22.16666667,1001.2,29.83333333,85.69999999,11.43333333
2013-5-3 00:00:00,31.57142857,999.4285714,28.57142857,83.42857143,9
2013-5-4 00:00:00,31.42857143,999,32.85714286,91.14285715,2.914285714
2013-5-5 00:00:00,31.125,1000.625,32.625,90.725,3.0125
2013-5-6 00:00:00,39.25,1001.625,32.75,90.95,3.7
2013-5-7 00:00:00,33.25,1002,32.875,91.175,7.175
2013-5-8 00:00:00,23,1001.166667,34.5,94.1,9.25
2013-5-9 00:00:00,26,1000.857143,34.28571429,93.71428572,8.985714286
2013-5-10 00:00:00,27.71428571,1000.142857,34,93.2,9.528571429
2013-5-11 00:00:00,30.375,999.875,30.75,87.35,14.8125
2013-5-12 00:00:00,40.14285714,1003.714286,29.85714286,85.74285715,5.828571429
2013-5-13 00:00:00,34,1003.571429,31.71428571,89.08571428,3.971428571
2013-5-14 00:00:00,34.28571429,1001.571429,32.28571429,90.11428572,4.771428571
2013-5-15 00:00:00,33,999.8571429,33,91.4,3.2375
2013-5-16 00:00:00,34.75,998.5,33,91.4,7.175
2013-5-17 00:00:00,28.16666667,1000.333333,32.83333333,91.09999999,9.866666667
2013-5-18 00:00:00,42.2,999,31.4,88.52,12.96666667
2013-5-19 00:00:00,22.33333333,999.6666667,35.33333333,95.59999999,15.75
2013-5-20 00:00:00,24.2,998.4,36.4,97.52,7.4
2013-5-21 00:00:00,19,998.6666667,36,96.8,11.37142857
2013-5-22 00:00:00,22.125,998.625,36.75,98.15,17.5875
2013-5-23 00:00:00,23.33333333,997.1666667,37.5,99.5,13.56666667
2013-5-24 00:00:00,27.42857143,996.4285714,38.42857143,101.1714286,11.38571429
2013-5-25 00:00:00,22.42857143,998.1428571,38.71428571,101.6857143,10.31428571
2013-5-26 00:00:00,21.2,998.2,37.8,100.04,10.74
2013-5-27 00:00:00,31.57142857,999.1428571,35.85714286,96.54285715,8.728571429
2013-5-28 00:00:00,29,1000.166667,35.33333333,95.59999999,8.333333333
2013-5-29 00:00:00,27.85714286,999.4285714,34.14285714,93.45714285,5.557142857
2013-5-30 00:00:00,28.2,999.6,32.2,89.96,5.56
2013-5-31 00:00:00,40.125,998.7142857,33.625,92.525,10.6375
2013-6-1 00:00:00,54,998.75,32,89.6,13.4375
2013-6-2 00:00:00,56.6,1001,32.4,90.32,14.2
2013-6-3 00:00:00,47,999.6,35.6,96.08,12.24
2013-6-4 00:00:00,42.57142857,999.8571429,35.85714286,96.54285715,5.028571429
2013-6-5 00:00:00,36.5,998,37.16666667,98.90000001,9.866666667
2013-6-6 00:00:00,61.71428571,997.2857143,31.28571429,88.31428572,10.04285714
2013-6-7 00:00:00,49.25,998,34,93.2,7.4125
2013-6-8 00:00:00,57.4,997,34.2,93.56,13.34
2013-6-9 00:00:00,40,995.1666667,36.16666667,97.10000001,11.41666667
2013-6-10 00:00:00,42.75,995.125,36.625,97.925,8.1
2013-6-11 00:00:00,61.66666667,1000,30.16666667,86.30000001,16.35
2013-6-12 00:00:00,54.14285714,998,34.14285714,93.45714285,7.414285714
2013-6-13 00:00:00,68.66666667,998.6666667,29.83333333,85.69999999,9.866666667
2013-6-14 00:00:00,68.14285714,997.4285714,30.14285714,86.25714285,7.942857143
2013-6-15 00:00:00,65,997.8571429,30.71428571,87.28571428,13.22857143
2013-6-16 00:00:00,88.85714286,996.4285714,27,80.6,8.485714286
2013-6-17 00:00:00,87.375,994.75,26.875,80.375,8.3375
2013-6-18 00:00:00,83.6,996.4,28.4,83.12,5.18
2013-6-19 00:00:00,72.85714286,999,29.85714286,85.74285715,4.228571429
2013-6-20 00:00:00,52.71428571,997.1666667,33,91.4,4.771428571
2013-6-21 00:00:00,47.33333333,995.3333333,34.83333333,94.69999999,5.866666667
2013-6-22 00:00:00,39.4,996.2,35.6,96.08,10.74
2013-6-23 00:00:00,53,995.6666667,35.16666667,95.30000001,8.35
2013-6-24 00:00:00,55,996.2857143,33.14285714,91.65714285,13.22857143
2013-6-25 00:00:00,70.42857143,999.1666667,30.57142857,87.02857143,11.11428571
2013-6-26 00:00:00,71.5,999,30.66666667,87.20000001,6.483333333
2013-6-27 00:00:00,61.85714286,996.7142857,31.42857143,88.57142857,7.957142857
2013-6-28 00:00:00,64.25,996,31.5,88.7,8.8125
2013-6-29 00:00:00,57,995.25,33.25,91.85,13.875
2013-6-30 00:00:00,52.16666667,997.1666667,32.83333333,91.09999999,10.5
2013-7-1 00:00:00,54,996.4285714,33.85714286,92.94285715,8.728571429
2013-7-2 00:00:00,58.28571429,996,33.14285714,91.65714285,9.8
2013-7-3 00:00:00,70,997.5714286,31.57142857,88.82857143,6.357142857
2013-7-4 00:00:00,67.5,997,32.375,90.275,9.25
2013-7-5 00:00:00,62.2,997.8,32.8,91.04,12.96
2013-7-6 00:00:00,73.14285714,1000.571429,31,87.8,11.37142857
2013-7-7 00:00:00,77.33333333,1000.166667,31.16666667,88.10000001,7.1
2013-7-8 00:00:00,75.16666667,997.5,29.83333333,85.69999999,6.483333333
2013-7-9 00:00:00,78.83333333,996.8333333,29,84.2,8.016666667
2013-7-10 00:00:00,75.375,995.75,29.75,85.55,6.4875
2013-7-11 00:00:00,65.5,997.3333333,32.5,90.5,7.116666667
2013-7-12 00:00:00,86.625,1000,28.875,83.975,5.5625
2013-7-13 00:00:00,70.25,998.875,31.75,89.15,12.0625
2013-7-14 00:00:00,71.625,997.375,30.75,87.35,4.8125
2013-7-15 00:00:00,73.25,998.375,31.75,89.15,13.5375
2013-7-16 00:00:00,83.875,999,29.875,85.775,9
2013-7-17 00:00:00,78.375,998,31.125,88.025,8.65
2013-7-18 00:00:00,76,995,31.75,89.15,5.55
2013-7-19 00:00:00,73.5,995.3333333,30.5,86.9,9.266666667
2013-7-20 00:00:00,90.66666667,999.1666667,26.83333333,80.29999999,4.933333333
2013-7-21 00:00:00,88,996.4,28.2,82.76,2.24
2013-7-22 00:00:00,80.33333333,996.8333333,29.5,85.1,4.333333333
2013-7-23 00:00:00,70.71428571,998,31.85714286,89.34285715,3.971428571
2013-7-24 00:00:00,84.14285714,997.1428571,29.71428571,85.48571428,3.971428571
2013-7-25 00:00:00,84.5,995.1666667,28.33333333,82.99999999,8.016666667
2013-7-26 00:00:00,73.85714286,995.4285714,30,86,5.571428571
2013-7-27 00:00:00,79,997.2857143,30.14285714,86.25714285,4.228571429
2013-7-28 00:00:00,67.42857143,998.1428571,32.28571429,90.11428572,6.085714286
2013-7-29 00:00:00,77.42857143,997.1428571,31,87.8,4.771428571
2013-7-30 00:00:00,75.66666667,996.5,30.5,86.9,8.016666667
2013-7-31 00:00:00,78.5,996.6666667,28.83333333,83.89999999,9.866666667
2013-8-1 00:00:00,73.5,998,30,86,5.55
2013-8-2 00:00:00,66.42857143,999.4285714,31.57142857,88.82857143,11.11428571
2013-8-3 00:00:00,62.33333333,1000.833333,32.5,90.5,10.81666667
2013-8-4 00:00:00,62.5,993.25,32.5,90.5,5.1
2013-8-5 00:00:00,77,1001,29.5,85.1,6.783333333
2013-8-6 00:00:00,90.66666667,1002.166667,27.16666667,80.90000001,4.016666667
2013-8-7 00:00:00,85.25,1001.875,28.375,83.075,3.25
2013-8-8 00:00:00,84,1000.5,28.5,83.3,6.166666667
2013-8-9 00:00:00,87.5,1001,27.16666667,80.90000001,3.716666667
2013-8-10 00:00:00,79.85714286,1000.333333,29.42857143,84.97142857,6.1
2013-8-11 00:00:00,76.83333333,1001.166667,30,86,6.8
2013-8-12 00:00:00,81.5,1001,29.5,85.1,8.35
2013-8-13 00:00:00,72,999.25,30.75,87.35,11.125
2013-8-14 00:00:00,74.33333333,999.8333333,29.66666667,85.40000001,9.866666667
2013-8-15 00:00:00,85,1001.714286,27.71428571,81.88571428,8.2
2013-8-16 00:00:00,92,1000.8,26.6,79.88,4.46
2013-8-17 00:00:00,91,999.4285714,27.42857143,81.37142857,14.28571429
2013-8-18 00:00:00,83.83333333,1000.166667,28.33333333,82.99999999,1.233333333
2013-8-19 00:00:00,84.66666667,1000.5,28.16666667,82.70000001,5.55
2013-8-20 00:00:00,88.5,999,27.375,81.275,5.325
2013-8-21 00:00:00,81.16666667,999.2857143,28.33333333,82.99999999,10.31428571
2013-8-22 00:00:00,74.83333333,1001.166667,29.16666667,84.50000001,6.483333333
2013-8-23 00:00:00,73.14285714,1001.428571,31.28571429,88.31428572,2.642857143
2013-8-24 00:00:00,71.25,1000.333333,32,89.6,18.525
2013-8-25 00:00:00,90.75,998.75,29,84.2,0.925
2013-8-26 00:00:00,69.875,997.8571429,32,89.6,6.475
2013-8-27 00:00:00,57.28571429,999.8571429,32.14285714,89.85714285,17.07142857
2013-8-28 00:00:00,60.71428571,1003.714286,30.14285714,86.25714285,11.64285714
2013-8-29 00:00:00,57,1003.25,31.5,88.7,9.275
2013-8-30 00:00:00,73,1003.5,29.16666667,84.50000001,3.1
2013-8-31 00:00:00,71.75,1003.25,29,84.2,4.65
2013-9-1 00:00:00,65.2,1003.2,30,86,11.48
2013-9-2 00:00:00,50.85714286,1003.714286,31.85714286,89.34285715,15.34285714
2013-9-3 00:00:00,45.5,1001.5,32.75,90.95,14.8
2013-9-4 00:00:00,48,1002.166667,31.71428571,89.08571428,14.54285714
2013-9-5 00:00:00,46,1001.5,31.66666667,89.00000001,13.56666667
2013-9-6 00:00:00,55.71428571,1003.428571,30.57142857,87.02857143,10.04285714
2013-9-7 00:00:00,51.83333333,1004.166667,30.83333333,87.49999999,6.783333333
2013-9-8 00:00:00,71.75,1007.25,28,82.4,2.325
2013-9-9 00:00:00,57.5,1007,31,87.8,42.22
2013-9-10 00:00:00,66.33333333,1005.333333,29.66666667,85.40000001,3.7
2013-9-11 00:00:00,61.14285714,1005.571429,30.85714286,87.54285715,3.971428571
2013-9-12 00:00:00,60.33333333,1008.166667,31.16666667,88.10000001,2.783333333
2013-9-13 00:00:00,67.14285714,1007.142857,31.14285714,88.05714285,3.171428571
2013-9-14 00:00:00,67,1003.833333,30.5,86.9,2.783333333
2013-9-15 00:00:00,56.375,1001.375,31.625,88.925,3.9375
2013-9-16 00:00:00,60,1002.333333,29.66666667,85.40000001,7.1
2013-9-17 00:00:00,56.5,1002.875,29.25,84.65,3.475
2013-9-18 00:00:00,58.57142857,1003.142857,29.14285714,84.45714285,5.557142857
2013-9-19 00:00:00,61.6,1001.8,29.8,85.64,2.96
2013-9-20 00:00:00,70,1003,28.66666667,83.60000001,9.583333333
2013-9-21 00:00:00,89,1003,25.2,77.36,5.18
2013-9-22 00:00:00,79.66666667,1001.666667,28.33333333,82.99999999,3.083333333
2013-9-23 00:00:00,68,1001,30.28571429,86.51428572,4.5
2013-9-24 00:00:00,65.75,1002.75,30.75,87.35,5.7875
2013-9-25 00:00:00,75,1005.428571,28.57142857,83.42857143,6.614285714
2013-9-26 00:00:00,78.8,1006.6,28.2,82.76,4.08
2013-9-27 00:00:00,71.25,1005.625,29,84.2,7.4125
2013-9-28 00:00:00,67.33333333,1005.333333,30,86,1.233333333
2013-9-29 00:00:00,79.85714286,1003.857143,28.14285714,82.65714285,5.557142857
2013-9-30 00:00:00,84.57142857,1004.714286,26.85714286,80.34285715,4.228571429
2013-10-1 00:00:00,68.71428571,1007.714286,28.28571429,82.91428572,6.371428571
2013-10-2 00:00:00,61.4,1010,29.2,84.56,7.42
2013-10-3 00:00:00,59,1008.6,28.6,83.48,7.4
2013-10-4 00:00:00,84.33333333,1007.5,24.83333333,76.69999999,6.783333333
2013-10-5 00:00:00,69,1004.125,28.5,83.3,2.0875
2013-10-6 00:00:00,66.5,1005.25,29.75,85.55,1.85
2013-10-7 00:00:00,66.57142857,1008.857143,29.71428571,85.48571428,1.585714286
2013-10-8 00:00:00,69.4,1009.8,29.2,84.56,0
2013-10-9 00:00:00,65.5,1010.333333,30.83333333,87.49999999,5.566666667
2013-10-10 00:00:00,66.28571429,1010.857143,29.42857143,84.97142857,3.971428571
2013-10-11 00:00:00,89.85714286,1010.571429,23.85714286,74.94285715,4.242857143
2013-10-12 00:00:00,82.57142857,1008.285714,26.14285714,79.05714285,2.914285714
2013-10-13 00:00:00,84.33333333,1007.666667,27.16666667,80.90000001,0.616666667
2013-10-14 00:00:00,74.85714286,1007,27.71428571,81.88571428,5.557142857
2013-10-15 00:00:00,76.42857143,1009.142857,25.85714286,78.54285715,3.7
2013-10-16 00:00:00,75,1009,26.42857143,79.57142857,0
2013-10-17 00:00:00,76.71428571,1010.428571,26.85714286,80.34285715,1.057142857
2013-10-18 00:00:00,73.16666667,1010.5,26.33333333,79.39999999,0
2013-10-19 00:00:00,69.57142857,1011.571429,24.57142857,76.22857143,2.114285714
2013-10-20 00:00:00,67.83333333,1010.666667,24.33333333,75.79999999,1.55
2013-10-21 00:00:00,63.625,1009.875,24.875,76.775,1.3875
2013-10-22 00:00:00,53.6,1011,27.8,82.04,0
2013-10-23 00:00:00,67.5,1013.625,25,77,1.1625
2013-10-24 00:00:00,73.14285714,1013.285714,23.85714286,74.94285715,1.057142857
2013-10-25 00:00:00,75.8,1011,22.8,73.04,1.86
2013-10-26 00:00:00,78.2,1011.2,23,73.4,0.74
2013-10-27 00:00:00,66.875,1010.625,22.875,73.175,2.55
2013-10-28 00:00:00,63.16666667,1010,22.66666667,72.80000001,4.933333333
2013-10-29 00:00:00,62.71428571,1011.142857,23,73.4,3.971428571
2013-10-30 00:00:00,67.42857143,1012.857143,22.85714286,73.14285715,2.385714286
2013-10-31 00:00:00,58.83333333,1012.833333,23.66666667,74.60000001,3.083333333
2013-11-1 00:00:00,69.14285714,1013.285714,23.42857143,74.17142857,1.057142857
2013-11-2 00:00:00,65,1014.5,21.625,70.925,4.6375
2013-11-3 00:00:00,57.875,1016,20.625,69.125,5.5625
2013-11-4 00:00:00,54.16666667,1017.5,21.16666667,70.10000001,2.466666667
2013-11-5 00:00:00,74.33333333,1017.5,18.83333333,65.89999999,0
2013-11-6 00:00:00,66.71428571,1015.857143,20.57142857,69.02857143,3.185714286
2013-11-7 00:00:00,73.14285714,1015.666667,20.14285714,68.25714285,4.5
2013-11-8 00:00:00,82.2,1015.625,18,64.4,19.9125
2013-11-9 00:00:00,73.57142857,1016.714286,19.85714286,67.74285715,0.528571429
2013-11-10 00:00:00,72,1016,16.83333333,62.29999999,2.466666667
2013-11-11 00:00:00,61.85714286,1013.428571,18.85714286,65.94285715,5.814285714
2013-11-12 00:00:00,71.71428571,1013.857143,16.57142857,61.82857143,0.8
2013-11-13 00:00:00,65,1014.25,17.75,63.95,3.0125
2013-11-14 00:00:00,63.375,1015.25,17.625,63.725,3.475
2013-11-15 00:00:00,67,1016.5,17,62.6,0.925
2013-11-16 00:00:00,69.625,1018,16.625,61.925,0
2013-11-17 00:00:00,67.42857143,1017.714286,15.57142857,60.02857143,2.385714286
2013-11-18 00:00:00,55.125,1016.875,18.5,65.3,7.4125
2013-11-19 00:00:00,63.5,1015.5,17.875,64.175,7.175
2013-11-20 00:00:00,58.875,1012.75,18.25,64.85,2.55
2013-11-21 00:00:00,66.25,1013.125,17.875,64.175,2.0875
2013-11-22 00:00:00,74.875,1015.75,17.625,63.725,1.1625
2013-11-23 00:00:00,77.85714286,1014.571429,18.14285714,64.65714285,0.8
2013-11-24 00:00:00,58.875,1014.5,19.125,66.425,5.0875
2013-11-25 00:00:00,49.875,1012.875,21.25,70.25,9.5
2013-11-26 00:00:00,51.375,1011.75,21.25,70.25,9.75
2013-11-27 00:00:00,68.5,1014.75,19.125,66.425,2.7875
2013-11-28 00:00:00,71.875,1017.75,18.625,65.525,1.85
2013-11-29 00:00:00,66.625,1016.875,17.75,63.95,4.8625
2013-11-30 00:00:00,69.625,1015.875,17.875,64.175,11.8125
2013-12-1 00:00:00,65,1016.142857,18,64.4,1.585714286
2013-12-2 00:00:00,73.25,1015.875,17.25,63.05,1.85
2013-12-3 00:00:00,73.5,1016.75,17.5,63.5,1.3875
2013-12-4 00:00:00,71.85714286,1017,17.14285714,62.85714285,4.228571429
2013-12-5 00:00:00,69,1015.285714,17.14285714,62.85714285,6.885714286
2013-12-6 00:00:00,72.375,1014,16.125,61.025,3.7125
2013-12-7 00:00:00,80.5,1014.25,16,60.8,1.1625
2013-12-8 00:00:00,83.625,1014,16.5,61.7,0
2013-12-9 00:00:00,79.25,1013.5,16.125,61.025,2.3125
2013-12-10 00:00:00,81.75,1013.75,15.5,59.9,2.55
2013-12-11 00:00:00,71.875,1014.125,16.625,61.925,6.475
2013-12-12 00:00:00,62.375,1012.5,17.75,63.95,16.9
2013-12-13 00:00:00,67.71428571,1012,17.14285714,62.85714285,11.62857143
2013-12-14 00:00:00,79,1012.571429,16.14285714,61.05714285,0.8
2013-12-15 00:00:00,86.25,1015.125,15.5,59.9,2.55
2013-12-16 00:00:00,89.5,1015.625,15.25,59.45,1.1625
2013-12-17 00:00:00,92.875,1014.25,14.75,58.55,0.925
2013-12-18 00:00:00,93,1012.625,14.875,58.775,2.0875
2013-12-19 00:00:00,89.125,1012.875,16.125,61.025,3.25
2013-12-20 00:00:00,91.375,1016,15.375,59.675,4.4125
2013-12-21 00:00:00,94,1017,14.75,58.55,0.4625
2013-12-22 00:00:00,94,1018.375,15.25,59.45,1.3875
2013-12-23 00:00:00,88.25,1020.5,14.25,57.65,9.025
2013-12-24 00:00:00,84.75,1021.375,13.5,56.3,5.7875
2013-12-25 00:00:00,63.16666667,1020.625,13.66666667,56.60000001,34.4875
2013-12-26 00:00:00,67.625,1019.25,12.125,53.825,4.4
2013-12-27 00:00:00,79.875,1018.625,11.875,53.375,1.1625
2013-12-28 00:00:00,70,1019.25,10.875,51.575,5.325
2013-12-29 00:00:00,69.42857143,1018.5,10.57142857,51.02857143,5.325
2013-12-30 00:00:00,79.5,1018.125,12.375,54.275,6.475
2013-12-31 00:00:00,89.375,1020.5,14.5,58.1,4.8625
2014-1-1 00:00:00,89.625,1021,13.375,56.075,7.65
2014-1-2 00:00:00,78.375,1020.25,11,51.8,8.1
2014-1-3 00:00:00,74.875,1017.75,12.5,54.5,5.325
2014-1-4 00:00:00,88.125,1016.25,12.875,55.175,1.1625
2014-1-5 00:00:00,89,1014.5,12.375,54.275,0.4625
2014-1-6 00:00:00,86.28571429,1017.625,11.42857143,52.57142857,27.3375
2014-1-7 00:00:00,72.28571429,1017.75,12.14285714,53.85714285,20.6
2014-1-8 00:00:00,76.875,1017.875,11.875,53.375,1.85
2014-1-9 00:00:00,83,1017,12.83333333,55.09999999,1.233333333
2014-1-10 00:00:00,85.375,1016.625,12.375,54.275,0
2014-1-11 00:00:00,82.625,1019.625,12.125,53.825,6.725
2014-1-12 00:00:00,80.875,1020.75,12.875,55.175,3.25
2014-1-13 00:00:00,72.375,1019.375,14,57.2,1.1625
2014-1-14 00:00:00,76.75,1017,14.875,58.775,2.7875
2014-1-15 00:00:00,93.5,1019.75,12,53.6,0.4625
2014-1-16 00:00:00,90.57142857,1019.571429,12.28571429,54.11428572,1.585714286
2014-1-17 00:00:00,95.75,1017.625,12,53.6,1.1625
2014-1-18 00:00:00,94.25,1020.25,12.5,54.5,1.85
2014-1-19 00:00:00,84.5,1023,14.5,58.1,3.475
2014-1-20 00:00:00,83.5,1021.375,14.625,58.325,4.4125
2014-1-21 00:00:00,96.85714286,1020.571429,13.57142857,56.42857143,7.171428571
2014-1-22 00:00:00,96.125,1019.875,15.25,59.45,6.7125
2014-1-23 00:00:00,90.125,1020.25,15.625,60.125,6.7125
2014-1-24 00:00:00,88.875,1019.25,13.875,56.975,8.1125
2014-1-25 00:00:00,95.625,1019.75,11.75,53.15,8.3375
2014-1-26 00:00:00,85.75,1019.125,14.375,57.875,8.8125
2014-1-27 00:00:00,72.375,1018.75,16.625,61.925,9.95
2014-1-28 00:00:00,69.875,1016.75,16.625,61.925,7.4125
2014-1-29 00:00:00,81.875,1018.625,14.875,58.775,4.625
2014-1-30 00:00:00,83.25,1019.375,14.5,58.1,0.925
2014-1-31 00:00:00,82.5,1019.25,14.75,58.55,3.0125
2014-2-1 00:00:00,79.375,1019.75,14,57.2,2.55
2014-2-2 00:00:00,76.125,1016.875,15.25,59.45,1.85
2014-2-3 00:00:00,63.85714286,1014.125,18.42857143,65.17142857,12.2875
2014-2-4 00:00:00,65.42857143,1011,18.85714286,65.94285715,13.425
2014-2-5 00:00:00,72.75,1011.5,17,62.6,1.625
2014-2-6 00:00:00,65.375,1010.875,18.5,65.3,6.0125
2014-2-7 00:00:00,67.25,1009.25,19.625,67.325,15.05
2014-2-8 00:00:00,85.375,1011.375,13.625,56.525,8.1125
2014-2-9 00:00:00,63.375,1012,12.875,55.175,9.2625
2014-2-10 00:00:00,61.75,1012.5,12.625,54.725,3.7
2014-2-11 00:00:00,64.625,1013.5,13.375,56.075,3.7
2014-2-12 00:00:00,67,1013.5,13.25,55.85,9.2625
2014-2-13 00:00:00,64.5,1013.625,15.25,59.45,4.875
2014-2-14 00:00:00,95.5,1011.875,13,55.4,5.3375
2014-2-15 00:00:00,89.5,1012.875,12.375,54.275,3.9375
2014-2-16 00:00:00,79,1016,13.5,56.3,8.7875
2014-2-17 00:00:00,66.125,1017.75,15.125,59.225,12.725
2014-2-18 00:00:00,60.125,1017.375,15.25,59.45,8.8
2014-2-19 00:00:00,75.375,1016.625,15.125,59.225,1.85
2014-2-20 00:00:00,78.625,1014.75,16.125,61.025,1.8625
2014-2-21 00:00:00,72.25,1014.25,17.125,62.825,8.7875
2014-2-22 00:00:00,85.625,1017.375,16.625,61.925,6.25
2014-2-23 00:00:00,80,1019.375,16.5,61.7,7.8875
2014-2-24 00:00:00,69.375,1018.625,16.375,61.475,5.3375
2014-2-25 00:00:00,69,1017.25,18.125,64.625,0.925
2014-2-26 00:00:00,71.125,1014.25,18.75,65.75,2.0875
2014-2-27 00:00:00,76.625,1013.125,18.625,65.525,7.175
2014-2-28 00:00:00,88.375,1013.125,15.625,60.125,5.8
2014-3-1 00:00:00,87.28571429,1015.285714,16.14285714,61.05714285,4.242857143
2014-3-2 00:00:00,79,1017.125,16.125,61.025,5.7875
2014-3-3 00:00:00,65.625,1016.25,17.875,64.175,3.7
2014-3-4 00:00:00,66.375,1016.5,18.75,65.75,3.7125
2014-3-5 00:00:00,67,1016.125,18.875,65.975,5.325
2014-3-6 00:00:00,64,1016.375,18.375,65.075,4.6375
2014-3-7 00:00:00,62.875,1017.125,18.5,65.3,6.7125
2014-3-8 00:00:00,63.875,1017,19.875,67.775,9.9625
2014-3-9 00:00:00,56.625,1014.5,22,71.6,7.65
2014-3-10 00:00:00,63.875,1014.375,20,68,10.8875
2014-3-11 00:00:00,70,1013.714286,20.71428571,69.28571428,15.6
2014-3-12 00:00:00,68.875,1016.25,20,68,6.4875
2014-3-13 00:00:00,60.625,1016.25,19,66.2,9.95
2014-3-14 00:00:00,61.25,1015,19.625,67.325,5.8
2014-3-15 00:00:00,62.625,1016.375,21.625,70.925,2.7875
2014-3-16 00:00:00,58.5,1015.375,23.125,73.625,6.25
2014-3-17 00:00:00,52.125,1011.25,26.25,79.25,6.7125
2014-3-18 00:00:00,53.42857143,1012.857143,24.85714286,76.74285715,9.8
2014-3-19 00:00:00,57.375,1013.25,21.75,71.15,10.1875
2014-3-20 00:00:00,55,1010.75,21.5,70.7,7.4
2014-3-21 00:00:00,64.75,1007.125,22.5,72.5,5.3375
2014-3-22 00:00:00,59.5,1007,25,77,3.0125
2014-3-23 00:00:00,61.875,1010.625,22.75,72.95,9.025
2014-3-24 00:00:00,73.125,1011.625,22.375,72.275,9.4875
2014-3-25 00:00:00,60.25,1010.5,24.625,76.325,2.775
2014-3-26 00:00:00,58.875,1010.625,25.125,77.225,2.775
2014-3-27 00:00:00,63.25,1011.75,23.5,74.3,4.8875
2014-3-28 00:00:00,67.57142857,1011.142857,24.42857143,75.97142857,4.5
2014-3-29 00:00:00,55.625,1011.25,25.875,78.575,8.35
2014-3-30 00:00:00,46.75,1009.875,24.125,75.425,13.9
2014-3-31 00:00:00,44.125,1008.25,24.125,75.425,13.2
2014-4-1 00:00:00,45.75,1006.125,24.875,76.775,9.7125
2014-4-2 00:00:00,43.375,1005.75,26.75,80.15,7.175
2014-4-3 00:00:00,48,1010.375,25,77,10.425
2014-4-4 00:00:00,47.85714286,1009.857143,25.85714286,78.54285715,11.91428571
2014-4-5 00:00:00,44,1008.875,27.375,81.275,9.2625
2014-4-6 00:00:00,45.25,1007.5,30.125,86.225,6.7125
2014-4-7 00:00:00,47.625,1009.625,27.25,81.05,12.9625
2014-4-8 00:00:00,41.875,1010.375,25.75,78.35,12.725
2014-4-9 00:00:00,35.25,1010.25,25.75,78.35,12.7375
2014-4-10 00:00:00,29.25,1010.875,26.375,79.475,12.5
2014-4-11 00:00:00,29,1008.571429,28.14285714,82.65714285,10.05714286
2014-4-12 00:00:00,39.875,1007.125,29.125,84.425,5.1
2014-4-13 00:00:00,40.375,1009.625,26.875,80.375,15.5125
2014-4-14 00:00:00,46.625,1010.625,27.625,81.725,5.35
2014-4-15 00:00:00,48.125,1009.125,29,84.2,2.55
2014-4-16 00:00:00,53.625,1008.25,27.125,80.825,4.4
2014-4-17 00:00:00,49.625,1007,26.375,79.475,9.25
2014-4-18 00:00:00,64.375,1011.625,24.25,75.65,14.3375
2014-4-19 00:00:00,57.875,1011.375,25.625,78.125,5.1
2014-4-20 00:00:00,48,1010.5,27,80.6,4.6375
2014-4-21 00:00:00,33.125,1010,28,82.4,8.8125
2014-4-22 00:00:00,29.375,1011.75,29.375,84.875,12.5
2014-4-23 00:00:00,37,1009,29.125,84.425,6.025
2014-4-24 00:00:00,35.875,1005.875,29.375,84.875,7.875
2014-4-25 00:00:00,34.375,1006.125,30.625,87.125,8.1125
2014-4-26 00:00:00,32,1006.375,31.5,88.7,8.1125
2014-4-27 00:00:00,30,1007.125,30.625,87.125,8.35
2014-4-28 00:00:00,27.875,1005.625,31.5,88.7,10.1875
2014-4-29 00:00:00,28.875,1003.875,32.125,89.825,8.325
2014-4-30 00:00:00,25.5,1003.75,33.25,91.85,5.3375
2014-5-1 00:00:00,22.5,1001.5,34.875,94.775,9.7375
2014-5-2 00:00:00,24.75,1001.875,34.375,93.875,6.4875
2014-5-3 00:00:00,33.375,1003.625,31.75,89.15,6.475
2014-5-4 00:00:00,34.375,1003,31.875,89.375,5.8
2014-5-5 00:00:00,53.25,1005.75,29.75,85.55,9.0375
2014-5-6 00:00:00,51.14285714,1006.857143,29.57142857,85.22857143,6.885714286
2014-5-7 00:00:00,48.625,1004.25,31.75,89.15,1.85
2014-5-8 00:00:00,43,1002.625,31.375,88.475,10.6625
2014-5-9 00:00:00,39.625,1000.428571,30.5,86.9,6.4875
2014-5-10 00:00:00,37.625,1000.75,30,86,7.8875
2014-5-11 00:00:00,40.375,1004,29.625,85.325,7.65
2014-5-12 00:00:00,53.375,1004.875,28,82.4,10.8875
2014-5-13 00:00:00,65.75,1008.375,25.25,77.45,9.9625
2014-5-14 00:00:00,55.25,1006.5,26.875,80.375,8.575
2014-5-15 00:00:00,39.875,1004.25,29.5,85.1,11.125
2014-5-16 00:00:00,40.25,1003.5,31.125,88.025,9.4875
2014-5-17 00:00:00,47.625,1007,29.875,85.775,7.175
2014-5-18 00:00:00,35.375,1007.375,31.5,88.7,13.9
2014-5-19 00:00:00,29.5,1006.625,32.375,90.275,11.575
2014-5-20 00:00:00,34,1006.625,31.125,88.025,7.6375
2014-5-21 00:00:00,32.5,1002.125,33,91.4,9.7125
2014-5-22 00:00:00,33.375,999.5,33.25,91.85,11.1125
2014-5-23 00:00:00,32.75,1000,34.625,94.325,19.45
2014-5-24 00:00:00,50.5,1004.125,31.5,88.7,6.725
2014-5-25 00:00:00,43.25,1005.5,31.5,88.7,16.4375
2014-5-26 00:00:00,54.125,1007.125,30.125,86.225,4.175
2014-5-27 00:00:00,49.75,1004.75,31.875,89.375,2.55
2014-5-28 00:00:00,44.5,1001.25,33.625,92.525,3.95
2014-5-29 00:00:00,40.125,999.375,35.25,95.45,4.4
2014-5-30 00:00:00,44.5,999.5714286,33.125,91.625,11.5875
2014-5-31 00:00:00,39,999.625,34.625,94.325,6.4875
2014-6-1 00:00:00,34.25,1003.25,32.75,90.95,16.2
2014-6-2 00:00:00,41.375,1003.25,32.75,90.95,4.6375
2014-6-3 00:00:00,33.625,1000,34.875,94.775,6.4875
2014-6-4 00:00:00,33.125,998.125,35.25,95.45,7.1875
2014-6-5 00:00:00,26.875,996.125,36.875,98.375,8.5625
2014-6-6 00:00:00,27.625,994.875,37.5,99.5,10.2
2014-6-7 00:00:00,22.75,994,38.5,101.3,13.1875
2014-6-8 00:00:00,26.25,993.125,37.625,99.725,6.725
2014-6-9 00:00:00,32.125,993.125,37.875,100.175,6.025
2014-6-10 00:00:00,20.875,994.75,37.25,99.05,12.0375
2014-6-11 00:00:00,23.125,995.625,37.625,99.725,14.8125
2014-6-12 00:00:00,39.25,997,32.875,91.175,24.325
2014-6-13 00:00:00,55.125,997.625,30.25,86.45,16.6625
2014-6-14 00:00:00,66.875,997.375,30.5,86.9,6.4875
2014-6-15 00:00:00,52,997.125,33.875,92.975,8.1
2014-6-16 00:00:00,41.375,995.625,36.375,97.475,10.8875
2014-6-17 00:00:00,42.125,994.125,36.875,98.375,15.9625
2014-6-18 00:00:00,58,994.25,33.875,92.975,10.425
2014-6-19 00:00:00,47.875,993.25,35.75,96.35,10.8875
2014-6-20 00:00:00,36.125,991.375,38,100.4,17.825
2014-6-21 00:00:00,40.125,993.875,36.875,98.375,9.7375
2014-6-22 00:00:00,46.75,996.375,34.5,94.1,4.4
2014-6-23 00:00:00,49.75,996.25,32.125,89.825,6.7125
2014-6-24 00:00:00,46.25,995.5,33,91.4,10.1875
2014-6-25 00:00:00,53.25,997.625,32.25,90.05,13.2
2014-6-26 00:00:00,60.375,1001,32.5,90.5,3.2375
2014-6-27 00:00:00,48.5,1001.625,34.75,94.55,9.4875
2014-6-28 00:00:00,49,999.375,34.875,94.775,5.7875
2014-6-29 00:00:00,57.75,997.75,33,91.4,9.7125
2014-6-30 00:00:00,67.75,997.5,32,89.6,3.25
2014-7-1 00:00:00,65.125,1000.875,31.375,88.475,6.25
2014-7-2 00:00:00,71.375,1001.125,29.5,85.1,5.7875
2014-7-3 00:00:00,75.125,998.2857143,28.875,83.975,5.0875
2014-7-4 00:00:00,69,998.7777778,31.38888889,88.5,4.333333333
2014-7-5 00:00:00,52.05882353,1000.705882,34.70588235,94.47058823,9.202941176
2014-7-6 00:00:00,61.125,1000.5,30.625,87.125,3.7125
2014-7-7 00:00:00,48.75,998.25,34,93.2,5.5625
2014-7-8 00:00:00,39.5,996.875,35,95,9.725
2014-7-9 00:00:00,37.125,996.5,36,96.8,13.65
2014-7-10 00:00:00,38.75,996.875,36.125,97.025,11.3375
2014-7-11 00:00:00,38.625,996.125,36.625,97.925,8.7875
2014-7-12 00:00:00,51.375,996,35.875,96.575,5.3375
2014-7-13 00:00:00,69.75,998,31.625,88.925,6.025
2014-7-14 00:00:00,67.875,997.125,32.375,90.275,6.725
2014-7-15 00:00:00,62.625,996,33.125,91.625,8.825
2014-7-16 00:00:00,63,997.25,32.625,90.725,10.45
2014-7-17 00:00:00,74.25,996.125,30.75,87.35,6.725
2014-7-18 00:00:00,83.875,994.875,27.25,81.05,2.55
2014-7-19 00:00:00,71,995.125,29.875,85.775,6.25
2014-7-20 00:00:00,68.875,996.75,30.875,87.575,6.2625
2014-7-21 00:00:00,65.5,996,32.125,89.825,4.65
2014-7-22 00:00:00,69.75,997,31.625,88.925,7.175
2014-7-23 00:00:00,72.875,997.75,30.625,87.125,8.1125
2014-7-24 00:00:00,63.625,998.7142857,30.5,86.9,12.0375
2014-7-25 00:00:00,63.25,1000.75,30.75,87.35,9.9625
2014-7-26 00:00:00,61.5,1001.875,32.5,90.5,7.175
2014-7-27 00:00:00,65.42857143,1001.875,31.71428571,89.08571428,6.25
2014-7-28 00:00:00,75.75,999.375,30,86,18.05
2014-7-29 00:00:00,69.875,999.25,30.25,86.45,5.7875
2014-7-30 00:00:00,65.75,999.5714286,31.875,89.375,4.175
2014-7-31 00:00:00,65.75,999.625,32.5,90.5,7.425
2014-8-1 00:00:00,59.5,998,33.25,91.85,6.5
2014-8-2 00:00:00,77.75,997.125,30.125,86.225,0.925
2014-8-3 00:00:00,66.25,995.375,31.5,88.7,5.7875
2014-8-4 00:00:00,69.75,996.125,30.5,86.9,5.1
2014-8-5 00:00:00,77.5,997.5,29.75,85.55,1.85
2014-8-6 00:00:00,65,996.875,32.125,89.825,5.5625
2014-8-7 00:00:00,65.375,997,31.125,88.025,6.95
2014-8-8 00:00:00,67.875,998.375,31,87.8,6.0125
2014-8-9 00:00:00,80.47058824,1001.647059,29.23529412,84.62352942,6.652941176
2014-8-10 00:00:00,89.90625,1002.15625,28.5,83.3,5.225
2014-8-11 00:00:00,72.125,999.875,31.125,88.025,3.0125
2014-8-12 00:00:00,57.5,998.75,32.125,89.825,8.3375
2014-8-13 00:00:00,57.71428571,998.25,32.125,89.825,20.825
2014-8-14 00:00:00,57.5,997.375,30.375,86.675,18.5125
2014-8-15 00:00:00,54.875,998.875,31.125,88.025,14.5875
2014-8-16 00:00:00,59.85714286,1002.5,30.42857143,86.77142857,8.35
2014-8-17 00:00:00,53.875,1003.25,31.375,88.475,7.1875
2014-8-18 00:00:00,56.625,1005.375,31.875,89.375,5.5625
2014-8-19 00:00:00,52.42857143,1004.857143,33,91.4,6.885714286
2014-8-20 00:00:00,47.125,1002.375,33.25,91.85,8.7875
2014-8-21 00:00:00,43,1001.25,32.5,90.5,10.8875
2014-8-22 00:00:00,47.125,1002.857143,33,91.4,8.5625
2014-8-23 00:00:00,45.75,1003.25,33.125,91.625,9.2625
2014-8-24 00:00:00,46.25,1002.875,33.125,91.625,11.35
2014-8-25 00:00:00,46.625,1002.375,33.875,92.975,7.875
2014-8-26 00:00:00,40.25,1001.375,34.125,93.425,9.9625
2014-8-27 00:00:00,44.71428571,1001.125,33.85714286,92.94285715,8.1125
2014-8-28 00:00:00,67.75,1003.75,29.625,85.325,6.725
2014-8-29 00:00:00,69.25,1003.5,30.375,86.675,3.7
2014-8-30 00:00:00,78.125,1002.625,28.625,83.525,4.1625
2014-8-31 00:00:00,86.125,1001.25,27.625,81.725,4.4125
2014-9-1 00:00:00,65.85714286,1001.125,29.42857143,84.97142857,15.5125
2014-9-2 00:00:00,71,1001.875,29.25,84.65,10.425
2014-9-3 00:00:00,77.875,1001.428571,28.625,83.525,15.0375
2014-9-4 00:00:00,80.75,1000.375,27.875,82.175,9.275
2014-9-5 00:00:00,85.75,1000.142857,26.5,79.7,8.3375
2014-9-6 00:00:00,76.875,1002.375,28.5,83.3,2.0875
2014-9-7 00:00:00,67.625,1003.25,31,87.8,1.4
2014-9-8 00:00:00,66.375,1003.125,31.25,88.25,3.475
2014-9-9 00:00:00,70.125,1002.375,31,87.8,1.85
2014-9-10 00:00:00,77.5,1003.25,28.75,83.75,4.875
2014-9-11 00:00:00,85.71428571,1005.571429,26.57142857,79.82857143,17.825
2014-9-12 00:00:00,73,1005.125,28.5,83.3,1.625
2014-9-13 00:00:00,68.25,1004,29.375,84.875,4.1625
2014-9-14 00:00:00,65.5,1004.25,29.125,84.425,6.7125
2014-9-15 00:00:00,63.125,1004.25,29.625,85.325,6.7125
2014-9-16 00:00:00,65.125,1002.25,30.625,87.125,6.25
2014-9-17 00:00:00,61.875,1002.125,30.625,87.125,7.4
2014-9-18 00:00:00,62.375,1003.875,30.5,86.9,6.7125
2014-9-19 00:00:00,56.625,1003.5,31,87.8,4.175
2014-9-20 00:00:00,55.75,1002.875,31.125,88.025,4.4
2014-9-21 00:00:00,54.875,1003.625,30.5,86.9,5.5625
2014-9-22 00:00:00,50,1004.5,30.625,87.125,13.4375
2014-9-23 00:00:00,47,1004.285714,31,87.8,30.68571429
2014-9-24 00:00:00,53,1006.25,29.625,85.325,8.1
2014-9-25 00:00:00,52.5,1007.75,30,86,9.725
2014-9-26 00:00:00,52.5,1008.125,30,86,5.7875
2014-9-27 00:00:00,46.875,1009.25,30.5,86.9,8.8
2014-9-28 00:00:00,48.875,1009.625,30.25,86.45,7.175
2014-9-29 00:00:00,48.75,1009.125,30.5,86.9,7.4125
2014-9-30 00:00:00,50.125,1009.625,30.625,87.125,6.7125
2014-10-1 00:00:00,52.85714286,1010.428571,30.42857143,86.77142857,3.171428571
2014-10-2 00:00:00,53.375,1009.125,30.375,86.675,2.7875
2014-10-3 00:00:00,52.625,1008,30.5,86.9,1.85
2014-10-4 00:00:00,53.5,1008.5,31,87.8,0
2014-10-5 00:00:00,56.125,1010.375,30.625,87.125,0
2014-10-6 00:00:00,56.75,1010.125,30.625,87.125,0
2014-10-7 00:00:00,59.375,1008.375,31,87.8,1.1625
2014-10-8 00:00:00,52.75,1009.875,28.75,83.75,3.7125
2014-10-9 00:00:00,49.875,1010.125,27.625,81.725,3.2375
2014-10-10 00:00:00,57.375,1008.75,27.125,80.825,3.2375
2014-10-11 00:00:00,57.14285714,1008.25,25.71428571,78.28571428,6.9375
2014-10-12 00:00:00,58.625,1008.375,26,78.8,0.4625
2014-10-13 00:00:00,59.75,1009.875,27.625,81.725,8.8
2014-10-14 00:00:00,67.625,1010.875,24.5,76.1,5.325
2014-10-15 00:00:00,68,1013.375,24.5,76.1,3.2625
2014-10-16 00:00:00,58.875,1014,23,73.4,4.8625
2014-10-17 00:00:00,47.66666667,1013.625,25,77,25.0125
2014-10-18 00:00:00,56.14285714,1012.875,24,75.2,21.3
2014-10-19 00:00:00,57.75,1012.625,23.75,74.75,4.1625
2014-10-20 00:00:00,55.625,1013.125,24.75,76.55,4.4
2014-10-21 00:00:00,56.125,1014.625,25.625,78.125,2.0875
2014-10-22 00:00:00,64.875,1014.5,25.75,78.35,0.4625
2014-10-23 00:00:00,66,1012.75,25.25,77.45,0.925
2014-10-24 00:00:00,67.5,1011.75,25.5,77.9,1.85
2014-10-25 00:00:00,67.125,1012.375,25.25,77.45,0.925
2014-10-26 00:00:00,65.5,1014.875,25.125,77.225,2.0875
2014-10-27 00:00:00,62.875,1013.75,24.875,76.775,1.8625
2014-10-28 00:00:00,64.75,1012,25.125,77.225,2.5625
2014-10-29 00:00:00,65.75,1012.125,24.75,76.55,1.625
2014-10-30 00:00:00,61.375,1014.5,23.875,74.975,1.85
2014-10-31 00:00:00,58.25,1013.625,23.375,74.075,3.7125
2014-11-1 00:00:00,50.875,1014.125,22.5,72.5,5.325
2014-11-2 00:00:00,49.125,1014.5,22.875,73.175,7.1875
2014-11-3 00:00:00,52.75,1013.5,23.375,74.075,4.1625
2014-11-4 00:00:00,56.625,1012.125,23.625,74.525,3.9375
2014-11-5 00:00:00,56.25,1012.375,22.75,72.95,4.625
2014-11-6 00:00:00,56.25,1011.625,23,73.4,6.25
2014-11-7 00:00:00,66.125,1012.875,24,75.2,2.3125
2014-11-8 00:00:00,66.25,1014.625,23.875,74.975,1.625
2014-11-9 00:00:00,56.375,1015.125,24.125,75.425,4.1625
2014-11-10 00:00:00,52.125,1014,21.375,70.475,3.475
2014-11-11 00:00:00,55.125,1014.75,19.25,66.65,2.325
2014-11-12 00:00:00,52,1015.875,19.625,67.325,2.3125
2014-11-13 00:00:00,50.5,1016.5,18.5,65.3,3.2375
2014-11-14 00:00:00,43,1016.375,18.375,65.075,7.4125
2014-11-15 00:00:00,44.75,1014.875,18.625,65.525,2.775
2014-11-16 00:00:00,47.625,1015.375,18.25,64.85,2.55
2014-11-17 00:00:00,51.75,1016.125,17.75,63.95,2.775
2014-11-18 00:00:00,53,1017.875,17.625,63.725,2.0875
2014-11-19 00:00:00,58.125,1016.5,17.5,63.5,1.1625
2014-11-20 00:00:00,54.625,1013.375,20.375,68.675,3.025
2014-11-21 00:00:00,62.125,1012.75,18.25,64.85,3.2375
2014-11-22 00:00:00,58.875,1011.375,19.875,67.775,1.625
2014-11-23 00:00:00,57.375,1014.625,17.125,62.825,1.3875
2014-11-24 00:00:00,52.25,1016,16.875,62.375,4.175
2014-11-25 00:00:00,51.5,1014.875,16.5,61.7,2.55
2014-11-26 00:00:00,51,1009.875,19.625,67.325,5.55
2014-11-27 00:00:00,63.875,1011.75,18.125,64.625,0
2014-11-28 00:00:00,67.375,1012.5,19.375,66.875,0
2014-11-29 00:00:00,67.625,1012.375,20.25,68.45,0
2014-11-30 00:00:00,54.75,1014,19.75,67.55,2.55
2014-12-1 00:00:00,42.625,1013.75,20,68,8.8
2014-12-2 00:00:00,47.625,1012.75,21.375,70.475,7.875
2014-12-3 00:00:00,66.57142857,1007,25,77,11.37142857
2014-12-4 00:00:00,68.875,1010.375,21.25,70.25,4.8625
2014-12-5 00:00:00,59.875,1017.125,17.75,63.95,2.55
2014-12-6 00:00:00,48.875,1016.375,18.25,64.85,4.8625
2014-12-7 00:00:00,48.375,1014.75,17.25,63.05,4.8625
2014-12-8 00:00:00,49.875,1015,17,62.6,2.775
2014-12-9 00:00:00,67.57142857,1016.857143,15.28571429,59.51428572,0
2014-12-10 00:00:00,65.5,1010.5,21.5,70.7,4.8625
2014-12-11 00:00:00,70.5,1011.625,19.625,67.325,3.25
2014-12-12 00:00:00,65.625,1014.375,17.5,63.5,0.4625
2014-12-13 00:00:00,71.875,1016.125,16,60.8,8.8
2014-12-14 00:00:00,86.625,1014.5,16.875,62.375,3.95
2014-12-15 00:00:00,75.75,1016.125,16.625,61.925,2.325
2014-12-16 00:00:00,72.375,1017.375,17.75,63.95,7.425
2014-12-17 00:00:00,72.125,1020.25,12.875,55.175,6.4875
2014-12-18 00:00:00,79.75,1021.375,11.75,53.15,3.0125
2014-12-19 00:00:00,81.75,1022.125,11.75,53.15,0.4625
2014-12-20 00:00:00,77,1018.75,11.25,52.25,5.8
2014-12-21 00:00:00,79.125,1018,9.5,49.1,0.925
2014-12-22 00:00:00,85,1017.125,9.375,48.875,1.3875
2014-12-23 00:00:00,78.625,1017.875,9.625,49.325,1.625
2014-12-24 00:00:00,83,1021.25,9.875,49.775,3.475
2014-12-25 00:00:00,81.125,1020.125,9.25,48.65,8.1
2014-12-26 00:00:00,77,1017.75,10.75,51.35,7.6375
2014-12-27 00:00:00,69,1018.625,10.375,50.675,2.775
2014-12-28 00:00:00,86,1019.75,9,48.2,0.7
2014-12-29 00:00:00,72.625,1017.25,11.125,52.025,1.3875
2014-12-30 00:00:00,70.625,1014.625,11.625,52.925,2.55
2014-12-31 00:00:00,67.125,1016.875,12.375,54.275,2.7875
2015-1-1 00:00:00,72,1017.5,14.75,58.55,0.925
2015-1-2 00:00:00,96.625,1017.875,14.875,58.775,3.0125
2015-1-3 00:00:00,92,1017.375,15.125,59.225,0.925
2015-1-4 00:00:00,78.75,1019.625,14.125,57.425,9.5125
2015-1-5 00:00:00,69.375,1016,14,57.2,15.05
2015-1-6 00:00:00,79.875,1015.5,12,53.6,4.4
2015-1-7 00:00:00,86,1016.625,9.625,49.325,3.9375
2015-1-8 00:00:00,87.875,1019.125,10,50,3.4875
2015-1-9 00:00:00,80.625,1020.125,10.625,51.125,1.625
2015-1-10 00:00:00,73.125,1018.875,11.125,52.025,4.4125
2015-1-11 00:00:00,80.75,1019.125,11,51.8,4.8625
2015-1-12 00:00:00,79.5,1019.5,10.625,51.125,0.925
2015-1-13 00:00:00,77.875,1017.125,12.25,54.05,4.875
2015-1-14 00:00:00,82.25,1017.5,12,53.6,5.1
2015-1-15 00:00:00,79.125,1019.375,12.375,54.275,0.925
2015-1-16 00:00:00,78.125,1019.25,13,55.4,4.6375
2015-1-17 00:00:00,76.625,1019.25,13.5,56.3,1.8625
2015-1-18 00:00:00,73.875,1018.75,13,55.4,2.55
2015-1-19 00:00:00,78,1018.875,13.75,56.75,1.85
2015-1-20 00:00:00,74.375,1020,13.375,56.075,7.1875
2015-1-21 00:00:00,73.375,1021,13.25,55.85,3.7
2015-1-22 00:00:00,94.125,1020.625,12.625,54.725,3.2375
2015-1-23 00:00:00,85,1020,14.625,58.325,1.1625
2015-1-24 00:00:00,86.25,1020.75,12.375,54.275,9.7375
2015-1-25 00:00:00,77.75,1020.375,13.25,55.85,4.1625
2015-1-26 00:00:00,88.125,1019.875,13.75,56.75,0.925
2015-1-27 00:00:00,74.25,1019.333333,13.25,55.85,5.3375
2015-1-28 00:00:00,67,1018.25,11.71428571,53.08571428,27.775
2015-1-29 00:00:00,67.5,1019.75,11.5,52.7,3.9375
2015-1-30 00:00:00,56.125,1020.375,12.75,54.95,12.0375
2015-1-31 00:00:00,57.625,1017.875,13.75,56.75,9.025
2015-2-1 00:00:00,65.25,1017.75,15,59,5.1
2015-2-2 00:00:00,63.875,1017.5,17.375,63.275,11.8125
2015-2-3 00:00:00,71.25,1020.5,16.75,62.15,7.175
2015-2-4 00:00:00,81.125,1022,14.625,58.325,9.25
2015-2-5 00:00:00,62.875,1019.25,14.625,58.325,7.4
2015-2-6 00:00:00,62.625,1019,15.125,59.225,3.0125
2015-2-7 00:00:00,67.625,1017,15.875,60.575,1.85
2015-2-8 00:00:00,63.875,1017.375,16.625,61.925,4.4125
2015-2-9 00:00:00,63.5,1019.75,16.875,62.375,5.55
2015-2-10 00:00:00,64,1019.75,15.75,60.35,4.625
2015-2-11 00:00:00,66.625,1017.125,16,60.8,1.85
2015-2-12 00:00:00,69.625,1016.125,15.5,59.9,6.025
2015-2-13 00:00:00,59,1012.625,17.25,63.05,6.725
2015-2-14 00:00:00,63.125,1009.625,19.375,66.875,4.1625
2015-2-15 00:00:00,70.125,1012.625,18.875,65.975,1.3875
2015-2-16 00:00:00,71.25,1013.625,20.625,69.125,10.425
2015-2-17 00:00:00,72.57142857,1011.857143,21.14285714,70.05714285,5.028571429
2015-2-18 00:00:00,72.875,1011.75,21.25,70.25,5.1
2015-2-19 00:00:00,73.5,1012,22.75,72.95,7.65
2015-2-20 00:00:00,67.125,1013.875,22.75,72.95,7.1875
2015-2-21 00:00:00,63.5,1014.125,21.875,71.375,11.3375
2015-2-22 00:00:00,58.85714286,1013.375,22.14285714,71.85714285,14.8125
2015-2-23 00:00:00,74.375,1014.25,21.5,70.7,3.025
2015-2-24 00:00:00,72.375,1010.625,22.875,73.175,6.0375
2015-2-25 00:00:00,58.625,1008.5,23.125,73.625,6.5
2015-2-26 00:00:00,34.375,1009.875,20,68,6.7125
2015-2-27 00:00:00,43.125,1013,19.25,66.65,5.8
2015-2-28 00:00:00,45.5,1013,21.25,70.25,6.95
2015-3-1 00:00:00,92.75,1011.125,17.375,63.275,14.8125
2015-3-2 00:00:00,89.875,1012.5,17.5,63.5,6.725
2015-3-3 00:00:00,82.5,1013.75,16.25,61.25,5.5625
2015-3-4 00:00:00,69.25,1014,16.75,62.15,6.7125
2015-3-5 00:00:00,64,1015.75,18.75,65.75,3.7
2015-3-6 00:00:00,62.375,1016.375,20,68,5.0875
2015-3-7 00:00:00,80.375,1013.714286,18.375,65.075,4.175
2015-3-8 00:00:00,74.125,1015.375,19.5,67.1,7.8875
2015-3-9 00:00:00,54.25,1021,18.125,64.625,12.2625
2015-3-10 00:00:00,68.5,1019.125,17.75,63.95,8.5625
2015-3-11 00:00:00,69.875,1018.125,18.25,64.85,6.025
2015-3-12 00:00:00,63.375,1017,20.5,68.9,5.325
2015-3-13 00:00:00,65.25,1014.75,21.375,70.475,4.175
2015-3-14 00:00:00,64.625,1015.125,21.5,70.7,7.875
2015-3-15 00:00:00,89.125,1015.5,17.625,63.725,11.575
2015-3-16 00:00:00,81.85714286,1017.375,19.85714286,67.74285715,8.5625
2015-3-17 00:00:00,70.375,1015.875,20.875,69.575,13.2
2015-3-18 00:00:00,69.625,1013.5,20.25,68.45,12.2625
2015-3-19 00:00:00,66,1014.875,21.125,70.025,5.3375
2015-3-20 00:00:00,65.75,1014.875,22.5,72.5,9.025
2015-3-21 00:00:00,60.5,1014.875,24.875,76.775,5.7875
2015-3-22 00:00:00,64,1012,25.125,77.225,10.2
2015-3-23 00:00:00,65.75,1010,24.75,76.55,7.6375
2015-3-24 00:00:00,65.5,1010.25,25.75,78.35,1.3875
2015-3-25 00:00:00,65.625,1011.857143,26.625,79.925,2.55
2015-3-26 00:00:00,54.375,1013,28.5,83.3,9.2625
2015-3-27 00:00:00,51.375,1012,27.375,81.275,7.65
2015-3-28 00:00:00,53.625,1009.625,27,80.6,3.7125
2015-3-29 00:00:00,52.75,1008.625,25,77,13.1875
2015-3-30 00:00:00,66.25,1010.375,23.5,74.3,14.8125
2015-3-31 00:00:00,64.875,1010.142857,25.25,77.45,3.7
2015-4-1 00:00:00,59.71428571,1007.5,26.42857143,79.57142857,6.7125
2015-4-2 00:00:00,45.28571429,1004.625,28.71428571,83.68571428,10.175
2015-4-3 00:00:00,71.125,1004.75,24.5,76.1,6.9625
2015-4-4 00:00:00,77.5,1005.25,21,69.8,1.3875
2015-4-5 00:00:00,67.71428571,1007.75,23.57142857,74.42857143,17.6
2015-4-6 00:00:00,60.125,1007.75,25,77,2.775
2015-4-7 00:00:00,62.125,1010.25,23.75,74.75,9.7375
2015-4-8 00:00:00,50.375,1012,25.625,78.125,6.7125
2015-4-9 00:00:00,52.875,1010.5,26,78.8,9.0375
2015-4-10 00:00:00,52.25,1008.5,27.125,80.825,6.25
2015-4-11 00:00:00,44.875,1008.375,28.25,82.85,8.1
2015-4-12 00:00:00,63,1012.375,24.375,75.875,5.325
2015-4-13 00:00:00,70.875,1013.75,24.75,76.55,6.95
2015-4-14 00:00:00,62.75,1012.75,26.25,79.25,3.0125
2015-4-15 00:00:00,59.25,1012.875,27.625,81.725,5.7875
2015-4-16 00:00:00,58.25,1013.875,25.25,77.45,8.1125
2015-4-17 00:00:00,48.75,1007.125,28.125,82.625,8.3375
2015-4-18 00:00:00,44.5,1002.375,30.125,86.225,5.5625
2015-4-19 00:00:00,41,1003.875,32.125,89.825,4.175
2015-4-20 00:00:00,37.875,1005.75,32.875,91.175,7.1875
2015-4-21 00:00:00,28.5,1005.625,31.75,89.15,11.1125
2015-4-22 00:00:00,30.25,1003.125,30.75,87.35,11.35
2015-4-23 00:00:00,33,1004,30.75,87.35,8.1
2015-4-24 00:00:00,39.5,1004.375,31.125,88.025,2.55
2015-4-25 00:00:00,43.125,1005.875,30.5,86.9,12.975
2015-4-26 00:00:00,51.125,1008,28.75,83.75,15.7375
2015-4-27 00:00:00,53,1006.75,30.125,86.225,17.5875
2015-4-28 00:00:00,48.25,1004.5,31,87.8,12.5125
2015-4-29 00:00:00,47.25,1005,31.25,88.25,9.025
2015-4-30 00:00:00,44.75,1004,32.625,90.725,15.05
2015-5-1 00:00:00,43.5,1005.875,31.25,88.25,5.3375
2015-5-2 00:00:00,40.25,1006.25,30.125,86.225,4.4
2015-5-3 00:00:00,39.25,1006.625,31,87.8,3.0125
2015-5-4 00:00:00,39.25,1006.625,30.875,87.575,3.9375
2015-5-5 00:00:00,31.125,1003.875,32.125,89.825,7.65
2015-5-6 00:00:00,22,1001.875,34.125,93.425,11.3625
2015-5-7 00:00:00,13.42857143,1003.571429,35.42857143,95.77142857,15.34285714
2015-5-8 00:00:00,22.375,1003.25,34.125,93.425,12.275
2015-5-9 00:00:00,27,1001.625,35.125,95.225,8.3375
2015-5-10 00:00:00,25,1001.375,35.125,95.225,6.9625
2015-5-11 00:00:00,32.625,1003.625,34,93.2,10.8875
2015-5-12 00:00:00,46,1004.875,33.125,91.625,6.0375
2015-5-13 00:00:00,61,1006.125,27.75,81.95,6.7125
2015-5-14 00:00:00,49.625,1007.25,29.625,85.325,4.4125
2015-5-15 00:00:00,52.125,1006.5,28.5,83.3,7.175
2015-5-16 00:00:00,51.625,1003.25,30,86,4.1625
2015-5-17 00:00:00,40.375,1001.125,33.25,91.85,8.35
2015-5-18 00:00:00,35.75,1000,35.375,95.675,5.5625
2015-5-19 00:00:00,44,1002.125,31.5,88.7,14.8125
2015-5-20 00:00:00,31.625,1002,33.125,91.625,14.6
2015-5-21 00:00:00,24.625,1000.375,35.625,96.125,11.3375
2015-5-22 00:00:00,19.5,998.125,36.25,97.25,12.5125
2015-5-23 00:00:00,21.75,996.125,37.375,99.275,12.725
2015-5-24 00:00:00,29.25,997.375,36,96.8,5.1
2015-5-25 00:00:00,22.25,996.875,37.75,99.95,10.875
2015-5-26 00:00:00,26.625,1001.5,35.25,95.45,17.125
2015-5-27 00:00:00,20.5,1001.25,33.75,92.75,6.7125
2015-5-28 00:00:00,29.5,1000.625,34.75,94.55,8.3375
2015-5-29 00:00:00,27.25,1001.625,35.125,95.225,8.125
2015-5-30 00:00:00,38.75,1003.875,32.25,90.05,12.2625
2015-5-31 00:00:00,25,1001.75,34.25,93.65,14.5875
2015-6-1 00:00:00,41.75,1003.25,29.375,84.875,12.5125
2015-6-2 00:00:00,39.25,1003.5,31.625,88.925,8.575
2015-6-3 00:00:00,50.5,1004.625,28.625,83.525,6.725
2015-6-4 00:00:00,48.375,1004,31.875,89.375,4.8625
2015-6-5 00:00:00,39.875,1003.5,32.625,90.725,6.0125
2015-6-6 00:00:00,39.75,1001.375,33.375,92.075,7.8625
2015-6-7 00:00:00,36.25,999.25,35,95,7.175
2015-6-8 00:00:00,33,998.875,36.5,97.7,6.25
2015-6-9 00:00:00,23.875,998.875,37.625,99.725,18.75
2015-6-10 00:00:00,32.28571429,999.625,36.625,97.925,18.05
2015-6-11 00:00:00,34.75,1000,35.625,96.125,18.2875
2015-6-12 00:00:00,34.625,998.5,35.875,96.575,12.7375
2015-6-13 00:00:00,48.125,998.8571429,31.125,88.025,10.1875
2015-6-14 00:00:00,77.625,1000.285714,27,80.6,3.95
2015-6-15 00:00:00,60.75,999.5714286,31,87.8,3.0125
2015-6-16 00:00:00,52.125,999.1428571,32.375,90.275,2.7875
2015-6-17 00:00:00,49.75,998,33.875,92.975,3.25
2015-6-18 00:00:00,45.125,997.625,35.125,95.225,3.0125
2015-6-19 00:00:00,46.75,996.25,35.875,96.575,8.575
2015-6-20 00:00:00,48.5,997.875,33.125,91.625,12.975
2015-6-21 00:00:00,63.625,998.125,30.375,86.675,8.1125
2015-6-22 00:00:00,59.5,995.625,32.125,89.825,4.4
2015-6-23 00:00:00,61.625,995,31.5,88.7,6.0125
2015-6-24 00:00:00,63.875,995.375,37.25,99.05,6.5
2015-6-25 00:00:00,82.75,994.75,26.625,79.925,6.2625
2015-6-26 00:00:00,54.25,995.25,31.125,88.025,11.5625
2015-6-27 00:00:00,48.25,997.125,32.625,90.725,14.1125
2015-6-28 00:00:00,47.5,1000.285714,34.25,93.65,9.0375
2015-6-29 00:00:00,56.625,1003.625,31.125,88.025,11.5625
2015-6-30 00:00:00,58.625,1002.625,30.875,87.575,9.9625
2015-7-1 00:00:00,53.25,1001.875,32,89.6,4.175
2015-7-2 00:00:00,45.875,1001.125,33.75,92.75,6.95
2015-7-3 00:00:00,49,999.625,33,91.4,14.35
2015-7-4 00:00:00,51.5,997.5,34.125,93.425,16.9
2015-7-5 00:00:00,47.28571429,995.4285714,35.71428571,96.28571428,14.01428571
2015-7-6 00:00:00,83.25,997.875,27.875,82.175,9.275
2015-7-7 00:00:00,86.125,998.125,28.125,82.625,1.85
2015-7-8 00:00:00,72,998.625,31.25,88.25,2.775
2015-7-9 00:00:00,77.25,998.625,29.625,85.325,2.55
2015-7-10 00:00:00,92.125,998.75,26.625,79.925,6.025
2015-7-11 00:00:00,98,999.3333333,25.5,77.9,3.2375
2015-7-12 00:00:00,94.75,998.625,25.5,77.9,7.425
2015-7-13 00:00:00,73.125,1000.625,29.875,85.775,4.8625
2015-7-14 00:00:00,67.875,997.8571429,30.875,87.575,10.875
2015-7-15 00:00:00,52.875,993.75,33.375,92.075,17.1375
2015-7-16 00:00:00,61.375,994.75,31.75,89.15,13.4375
2015-7-17 00:00:00,75.625,997.25,30.75,87.35,4.4
2015-7-18 00:00:00,78.875,998,29.5,85.1,4.175
2015-7-19 00:00:00,70,997.625,30.125,86.225,0.7
2015-7-20 00:00:00,78,999.125,29.125,84.425,4.8625
2015-7-21 00:00:00,69.25,1000,31.375,88.475,8.125
2015-7-22 00:00:00,64.125,1001.125,32.25,90.05,7.875
2015-7-23 00:00:00,64.875,1001.75,32.125,89.825,8.575
2015-7-24 00:00:00,64.75,1001,32,89.6,6.7125
2015-7-25 00:00:00,71,998.5714286,30.85714286,87.54285715,19.9125
2015-7-26 00:00:00,71.625,998.875,30,86,16.8875
2015-7-27 00:00:00,69,1000.285714,29.625,85.325,11.3375
2015-7-28 00:00:00,61,1000.125,29.5,85.1,11.5875
2015-7-29 00:00:00,68.125,998,28.5,83.3,10.875
2015-7-30 00:00:00,67.75,998.875,29,84.2,9.9625
2015-7-31 00:00:00,71,999.75,29,84.2,4.175
2015-8-1 00:00:00,71.75,1002.75,28.25,82.85,0.925
2015-8-2 00:00:00,69.5,1003.625,29.625,85.325,2.55
2015-8-3 00:00:00,58.625,1001.875,31.5,88.7,5.325
2015-8-4 00:00:00,77.78571429,1000.071429,29.42857143,84.97142857,4.771428571
2015-8-5 00:00:00,79.65625,1000.28125,29.59375,85.26875,8.221875
2015-8-6 00:00:00,79.125,998,29.5,85.1,3.025
2015-8-7 00:00:00,83,1000,29.25,84.65,2.3125
2015-8-8 00:00:00,84.875,1002,28.875,83.975,1.625
2015-8-9 00:00:00,90.125,1000.25,27.375,81.275,3.0125
2015-8-10 00:00:00,77,1000,30.375,86.675,0
2015-8-11 00:00:00,86.625,1003,28.375,83.075,0.4625
2015-8-12 00:00:00,74.25,1003.125,30.75,87.35,0
2015-8-13 00:00:00,69.5,1001.875,32,89.6,0.4625
2015-8-14 00:00:00,72.625,1002,30.875,87.575,3.475
2015-8-15 00:00:00,85.5,1002.75,28.5,83.3,0
2015-8-16 00:00:00,82.625,1002.875,28.625,83.525,1.85
2015-8-17 00:00:00,72.625,1001.375,30.75,87.35,0.7
2015-8-18 00:00:00,72.875,1002.571429,29.125,84.425,4.875
2015-8-19 00:00:00,61.25,1002.375,31.25,88.25,33.325
2015-8-20 00:00:00,58.625,1001.375,30.75,87.35,14.6
2015-8-21 00:00:00,72,1002,29.375,84.875,8.575
2015-8-22 00:00:00,65.375,1000.875,30.25,86.45,5.8
2015-8-23 00:00:00,69.375,1000.857143,29.875,85.775,5.5625
2015-8-24 00:00:00,65.625,1001.75,30.75,87.35,7.1875
2015-8-25 00:00:00,57.28571429,1001,32,89.6,10.07142857
2015-8-26 00:00:00,61,1001.125,32,89.6,4.8625
2015-8-27 00:00:00,61,1002,32.5,90.5,5.325
2015-8-28 00:00:00,63.5,1002.25,32,89.6,2.3125
2015-8-29 00:00:00,58,1001.375,32.25,90.05,5.8125
2015-8-30 00:00:00,56.5,1001.375,32.625,90.725,9.275
2015-8-31 00:00:00,54.42857143,1001.833333,31.85714286,89.34285715,13.48571429
2015-9-1 00:00:00,47.625,1000.857143,32.125,89.825,15.275
2015-9-2 00:00:00,45.625,1001.75,31.875,89.375,12.7375
2015-9-3 00:00:00,49.125,1005.5,31.625,88.925,10.1875
2015-9-4 00:00:00,42.625,1007.875,32,89.6,11.35
2015-9-5 00:00:00,47.25,1007.125,30.875,87.575,7.6375
2015-9-6 00:00:00,41.8,1006.25,31.25,88.25,7.6375
2015-9-7 00:00:00,46.375,1005.75,31.5,88.7,9.4875
2015-9-8 00:00:00,47,1005.5,31.625,88.925,11.8125
2015-9-9 00:00:00,47.875,1005.625,31,87.8,10.1875
2015-9-10 00:00:00,46.5,1006.75,31.25,88.25,8.575
2015-9-11 00:00:00,49.75,1006.25,30.75,87.35,6.0125
2015-9-12 00:00:00,54.42857143,1006,32.14285714,89.85714285,3.171428571
2015-9-13 00:00:00,55.25,1005.875,32.125,89.825,1.3875
2015-9-14 00:00:00,54.375,1003.625,31.875,89.375,2.55
2015-9-15 00:00:00,55,1003.25,33,91.4,0.4625
2015-9-16 00:00:00,55,1003.625,32.375,90.275,1.4
2015-9-17 00:00:00,58.375,1004.375,31.375,88.475,1.1625
2015-9-18 00:00:00,67.625,1005.125,31,87.8,7.4125
2015-9-19 00:00:00,74.25,1003.625,30.625,87.125,2.0875
2015-9-20 00:00:00,69.14285714,1002.857143,29.14285714,84.45714285,5.557142857
2015-9-21 00:00:00,64.5,1002.5,30.125,86.225,5.8
2015-9-22 00:00:00,64.375,1002.5,30.25,86.45,10.1875
2015-9-23 00:00:00,61.25,1006.375,28.625,83.525,13.675
2015-9-24 00:00:00,52.375,1004.625,28.25,82.85,11.575
2015-9-25 00:00:00,49.375,1003.75,28.5,83.3,8.575
2015-9-26 00:00:00,53.5,1005.25,29.25,84.65,6.25
2015-9-27 00:00:00,58.14285714,1007,28.71428571,83.68571428,2.914285714
2015-9-28 00:00:00,58.5,1009,28.25,82.85,3.9375
2015-9-29 00:00:00,54.57142857,1010.571429,29,84.2,9.528571429
2015-9-30 00:00:00,46.875,1011.375,29,84.2,8.3375
2015-10-1 00:00:00,51.25,1012,28.125,82.625,5.575
2015-10-2 00:00:00,53.71428571,1010.75,28.28571429,82.91428572,14.5875
2015-10-3 00:00:00,52.33333333,1008.714286,30,86,18.78571429
2015-10-4 00:00:00,54.375,1008.125,29,84.2,3.025
2015-10-5 00:00:00,59.375,1009.25,28.875,83.975,1.3875
2015-10-6 00:00:00,61.125,1009,28.375,83.075,4.6375
2015-10-7 00:00:00,65.75,1009.125,28.625,83.525,6.475
2015-10-8 00:00:00,65.125,1007.5,28.375,83.075,4.4125
2015-10-9 00:00:00,59.75,1004.25,28.5,83.3,6.025
2015-10-10 00:00:00,54.625,1005,28.5,83.3,6.7125
2015-10-11 00:00:00,51.57142857,1008.714286,28.57142857,83.42857143,6.885714286
2015-10-12 00:00:00,54.125,1010,29.25,84.65,3.25
2015-10-13 00:00:00,62.875,1011,29.5,85.1,3.725
2015-10-14 00:00:00,63.625,1013.25,28.125,82.625,4.875
2015-10-15 00:00:00,66,1013.5,27.5,81.5,0.4625
2015-10-16 00:00:00,62.625,1013.5,27.875,82.175,0.925
2015-10-17 00:00:00,63.75,1012.25,28,82.4,3.7125
2015-10-18 00:00:00,71.71428571,1013.125,26.85714286,80.34285715,11.1125
2015-10-19 00:00:00,66.28571429,1011.714286,28.14285714,82.65714285,3.457142857
2015-10-20 00:00:00,64.85714286,1009.857143,27.71428571,81.88571428,2.914285714
2015-10-21 00:00:00,62.125,1011.875,26.5,79.7,2.0875
2015-10-22 00:00:00,56,1012.25,24.75,76.55,4.4
2015-10-23 00:00:00,51.625,1011.875,24,75.2,4.8625
2015-10-24 00:00:00,53.25,1011.625,24.875,76.775,1.4
2015-10-25 00:00:00,47.125,1012.75,26.375,79.475,5.575
2015-10-26 00:00:00,52.125,1014.875,25.625,78.125,5.575
2015-10-27 00:00:00,54.25,1013.875,24.75,76.55,3.475
2015-10-28 00:00:00,57.25,1015.875,20.875,69.575,7.875
2015-10-29 00:00:00,63.5,1016.875,22.125,71.825,1.85
2015-10-30 00:00:00,67.25,1016.375,22.375,72.275,1.625
2015-10-31 00:00:00,69.375,1016.125,22.375,72.275,1.1625
2015-11-1 00:00:00,70.5,1016.25,22.875,73.175,0.925
2015-11-2 00:00:00,71.375,1015.875,23.375,74.075,0.4625
2015-11-3 00:00:00,67.875,1014.25,24,75.2,0.475
2015-11-4 00:00:00,69,1012.25,23.75,74.75,0.925
2015-11-5 00:00:00,75.25,1012.375,22.125,71.825,5.1
2015-11-6 00:00:00,74.375,1012.75,22.875,73.175,2.325
2015-11-7 00:00:00,74.875,1014.625,21.875,71.375,1.1625
2015-11-8 00:00:00,70.25,1015.875,21.875,71.375,1.8625
2015-11-9 00:00:00,73.625,1015,21.75,71.15,0.7
2015-11-10 00:00:00,72.625,1013.5,22.75,72.95,0.7
2015-11-11 00:00:00,59.5,1014.375,21.875,71.375,4.6375
2015-11-12 00:00:00,60.5,1015.375,21.875,71.375,5.7875
2015-11-13 00:00:00,59.375,1014.875,22.375,72.275,5.325
2015-11-14 00:00:00,59.625,1012,22.375,72.275,3.475
2015-11-15 00:00:00,62,1012,22.5,72.5,0
2015-11-16 00:00:00,50.375,1012.625,21.875,71.375,2.7875
2015-11-17 00:00:00,48.375,1013.5,19.875,67.775,5.1
2015-11-18 00:00:00,57.625,1016.375,18.5,65.3,4.4
2015-11-19 00:00:00,64.75,1017.5,18.5,65.3,0.925
2015-11-20 00:00:00,66,1016.125,18.5,65.3,0.4625
2015-11-21 00:00:00,67.625,1015.5,18.75,65.75,1.3875
2015-11-22 00:00:00,64.875,1015.125,18.625,65.525,0.4625
2015-11-23 00:00:00,73.5,1015.875,17,62.6,0
2015-11-24 00:00:00,63,1016,18.5,65.3,1.625
2015-11-25 00:00:00,56.375,1014.75,19.375,66.875,5.7875
2015-11-26 00:00:00,59.5,1012.75,20,68,0.925
2015-11-27 00:00:00,66.25,1011.25,18.5,65.3,2.55
2015-11-28 00:00:00,82.125,1015.375,18.75,65.75,1.1625
2015-11-29 00:00:00,81.25,1018,18.125,64.625,1.1625
2015-11-30 00:00:00,82.375,1016.75,19.5,67.1,0.925
2015-12-1 00:00:00,78.75,1014.75,19.25,66.65,1.625
2015-12-2 00:00:00,72.125,1016.125,18.125,64.625,2.0875
2015-12-3 00:00:00,70.25,1016,17.625,63.725,7.1875
2015-12-4 00:00:00,67.5,1015,17.625,63.725,4.6375
2015-12-5 00:00:00,72.375,1015.875,17.5,63.5,0.925
2015-12-6 00:00:00,75.875,1016.5,17.125,62.825,1.4
2015-12-7 00:00:00,76.875,1017.25,17.625,63.725,2.3125
2015-12-8 00:00:00,71.28571429,1015.714286,18.42857143,65.17142857,1.057142857
2015-12-9 00:00:00,78.125,1015.25,18.375,65.075,3.475
2015-12-10 00:00:00,77.25,1011.75,19,66.2,2.0875
2015-12-11 00:00:00,77.875,1011.375,17.25,63.05,5.1
2015-12-12 00:00:00,91,1014.25,13.25,55.85,4.4
2015-12-13 00:00:00,67,1016.5,12.875,55.175,3.475
2015-12-14 00:00:00,63.625,1017,13.25,55.85,7.4
2015-12-15 00:00:00,63.875,1016.5,13.125,55.625,5.325
2015-12-16 00:00:00,65.5,1016.375,13,55.4,1.1625
2015-12-17 00:00:00,73.625,1016.875,12.25,54.05,0.925
2015-12-18 00:00:00,71.25,1018.625,12.875,55.175,4.4
2015-12-19 00:00:00,71.875,1019,12.375,54.275,3.4875
2015-12-20 00:00:00,70.25,1018.5,11.75,53.15,1.1625
2015-12-21 00:00:00,74.75,1018.875,12.625,54.725,1.3875
2015-12-22 00:00:00,79.875,1020.875,12,53.6,0.7
2015-12-23 00:00:00,81.375,1020.625,12.5,54.5,3.4875
2015-12-24 00:00:00,68.625,1021.25,11.25,52.25,6.025
2015-12-25 00:00:00,66.125,1022,11.5,52.7,5.5625
2015-12-26 00:00:00,64.5,1021.125,12.75,54.95,6.4875
2015-12-27 00:00:00,63.25,1020.625,15.375,59.675,7.8875
2015-12-28 00:00:00,58.125,1020.875,17.125,62.825,10.8875
2015-12-29 00:00:00,65,1018.125,16.375,61.475,7.4125
2015-12-30 00:00:00,71.75,1017.5,15.5,59.9,2.1
2015-12-31 00:00:00,71.375,1020.5,15,59,2.0875
2016-1-1 00:00:00,72.28571429,1021.142857,14.71428571,58.48571428,1.057142857
2016-1-2 00:00:00,75.875,1021,14,57.2,2.0875
2016-1-3 00:00:00,74.75,1018.5,14.375,57.875,5.1125
2016-1-4 00:00:00,77.125,1017.625,15.75,60.35,0
2016-1-5 00:00:00,88.83333333,1017,15.83333333,60.49999999,0.616666667
2016-1-6 00:00:00,81.625,1016.5,17.375,63.275,2.3125
2016-1-7 00:00:00,87,1018.125,17.125,62.825,0
2016-1-8 00:00:00,83.25,1017.25,15.5,59.9,7.8875
2016-1-9 00:00:00,65.14285714,1015.428571,15.85714286,60.54285715,8.471428571
2016-1-10 00:00:00,74.375,1017.5,15.625,60.125,2.775
2016-1-11 00:00:00,74.875,1017.5,15.75,60.35,1.625
2016-1-12 00:00:00,69.6875,1014.9375,18,64.4,6.03125
2016-1-13 00:00:00,75.8,1014.333333,18.26666667,64.88000001,5.08
2016-1-14 00:00:00,80.4375,1016.125,15.5625,60.0125,4.3
2016-1-15 00:00:00,84.1875,1017,13,55.4,10.775
2016-1-16 00:00:00,80.06666667,1014.6,13.6,56.48,11.24
2016-1-17 00:00:00,77.66666667,1016.2,14,57.2,2.106666667
2016-1-18 00:00:00,80.46666667,1014.733333,13.26666667,55.88000001,1.48
2016-1-19 00:00:00,88.57142857,1015.285714,12.35714286,54.24285715,4.65
2016-1-20 00:00:00,84.2,1018.666667,12.06666667,53.72000001,6.193333333
2016-1-21 00:00:00,73.1875,1020.1875,12.1875,53.9375,7.8875
2016-1-22 00:00:00,83.4,1019.466667,11.73333333,53.11999999,3.586666667
2016-1-23 00:00:00,75.875,1019.8125,14.4375,57.9875,3.25
2016-1-24 00:00:00,86.25,1019.0625,11.1875,52.1375,6.625
2016-1-25 00:00:00,75.4,1017.2,11.66666667,53.00000001,4.58
2016-1-26 00:00:00,79.6875,1015.375,14.5625,58.2125,2.55
2016-1-27 00:00:00,69.16666667,1014.166667,17.58333333,63.64999999,4.025
2016-1-28 00:00:00,69.35714286,1015.071429,16.85714286,62.34285715,5.028571429
2016-1-29 00:00:00,70.625,1017.375,19.5625,67.2125,2.54375
2016-1-30 00:00:00,78.5,1014.5,20.14285714,68.25714285,1.2
2016-1-31 00:00:00,78.25,1016,17.375,63.275,7.7625
2016-2-1 00:00:00,65.76923077,1017.153846,15.84615385,60.52307693,7.269230769
2016-2-2 00:00:00,55.86666667,1018.2,15.26666667,59.48000001,8.893333333
2016-2-3 00:00:00,66.5,1018,13.125,55.625,7.622222222
2016-2-4 00:00:00,53,1017.333333,16.36363636,61.45454545,6.941666667
2016-2-5 00:00:00,70.66666667,1016.833333,12.66666667,54.80000001,2.166666667
2016-2-6 00:00:00,69.5,1013.333333,15.33333333,59.59999999,3.7
2016-2-7 00:00:00,77,1015.75,15.625,60.125,2.7875
2016-2-8 00:00:00,67.18181818,1017.090909,17.09090909,62.76363636,5.9
2016-2-9 00:00:00,67.46153846,1014.692308,17.76923077,63.98461539,5.846153846
2016-2-10 00:00:00,64.86666667,1012.733333,18.13333333,64.63999999,2.1
2016-2-11 00:00:00,54.75,1011.25,19.6875,67.4375,6.03125
2016-2-12 00:00:00,57.86666667,1012.533333,19.2,66.56,0.746666667
2016-2-13 00:00:00,62.13333333,1014.866667,17.06666667,62.72000001,5.806666667
2016-2-14 00:00:00,61.92857143,1017.214286,17.64285714,63.75714285,8.071428571
2016-2-15 00:00:00,59.53333333,1018.733333,17.6,63.68,5.94
2016-2-16 00:00:00,56.14285714,1020.071429,18.21428571,64.78571428,5.435714286
2016-2-17 00:00:00,59.28571429,1019.142857,18.71428571,65.68571428,3.707142857
2016-2-18 00:00:00,76,1017.4,19.46666667,67.04000001,5.186666667
2016-2-19 00:00:00,70.23076923,1014.615385,23.15384615,73.67692307,4.146153846
2016-2-20 00:00:00,73.125,1014.125,23.625,74.525,11.11875
2016-2-21 00:00:00,61.125,1014.75,21,69.8,17.1375
2016-2-22 00:00:00,51.42857143,1014.428571,21,69.8,15.20714286
2016-2-23 00:00:00,50.64285714,1012.5,21.42857143,70.57142857,9.785714286
2016-2-24 00:00:00,58.0625,1012.9375,21.6875,71.0375,2.44375
2016-2-25 00:00:00,57.5,1015.5,22.5625,72.6125,5.3375
2016-2-26 00:00:00,55.6,1018.4,22.8,73.04,2.48
2016-2-27 00:00:00,59,1018.466667,22.8,73.04,3.333333333
2016-2-28 00:00:00,63.0625,1018.9375,23,73.4,3.7125
2016-2-29 00:00:00,63.9375,1018.625,23.875,74.975,3.7125
2016-3-1 00:00:00,57.41666667,1015,24.91666667,76.85000001,1.7
2016-3-2 00:00:00,57.06666667,1015.4,24.93333333,76.87999999,1.733333333
2016-3-3 00:00:00,55.61538462,1014.615385,26,78.8,4.292307692
2016-3-4 00:00:00,44.25,1012.6875,27.3125,81.1625,6.14375
2016-3-5 00:00:00,57.13333333,1012.666667,23.93333333,75.07999999,11
2016-3-6 00:00:00,66.5625,1013.0625,22.8125,73.0625,5.21875
2016-3-7 00:00:00,64.14285714,1012.357143,23.71428571,74.68571428,5.171428571
2016-3-8 00:00:00,60.21428571,1011.642857,23.42857143,74.17142857,6.742857143
2016-3-9 00:00:00,57.5625,1012.0625,24,75.2,9.375
2016-3-10 00:00:00,57.4375,1013.1875,25.5625,78.0125,7.98125
2016-3-11 00:00:00,67.8,1012.533333,25.06666667,77.12000001,6.546666667
2016-3-12 00:00:00,66.9375,1009.5625,24.5625,76.2125,9.4875
2016-3-13 00:00:00,65.1875,1011.1875,24.25,75.65,6.84375
2016-3-14 00:00:00,66,1014.3125,22.375,72.275,6.275
2016-3-15 00:00:00,58.93333333,1014.866667,24.06666667,75.32000001,8.646666667
2016-3-16 00:00:00,53.75,1012.8125,23.9375,75.0875,10.88125
2016-3-17 00:00:00,50.3125,1010.4375,26.3125,79.3625,6.84375
2016-3-18 00:00:00,61.25,1009.8125,26.1875,79.1375,6.7125
2016-3-19 00:00:00,61.85714286,1009.214286,26.78571429,80.21428572,3.578571429
2016-3-20 00:00:00,58.73333333,1010.333333,27.13333333,80.83999999,2.846666667
2016-3-21 00:00:00,43.375,1011.125,26.625,79.925,12.2625
2016-3-22 00:00:00,37.875,1009.375,25.0625,77.1125,22.1
2016-3-23 00:00:00,43.26666667,1010,26.2,79.16,10.64166667
2016-3-24 00:00:00,46.86666667,1013.333333,28.13333333,82.63999999,3.213333333
2016-3-25 00:00:00,50.1875,1013.1875,29.875,85.775,3.36875
2016-3-26 00:00:00,62.66666667,1013.6,24.66666667,76.40000001,9.393333333
2016-3-27 00:00:00,53.6875,1012.8125,26.25,79.25,9.15625
2016-3-28 00:00:00,52.8,7679.333333,25.93333333,78.67999999,6.546666667
2016-3-29 00:00:00,47.75,1011.3125,27.125,80.825,7.29375
2016-3-30 00:00:00,39.78571429,1011.142857,29.57142857,85.22857143,7.021428571
2016-3-31 00:00:00,39.73333333,1009.2,30,86,4.333333333
2016-4-1 00:00:00,38.21428571,1006.714286,30.57142857,87.02857143,12.03571429
2016-4-2 00:00:00,38.5625,1008,32.3125,90.1625,5.4625
2016-4-3 00:00:00,44.25,1008.375,33.3125,91.9625,2.55
2016-4-4 00:00:00,33.125,1006.6875,32.8125,91.0625,8
2016-4-5 00:00:00,29.3125,1007,32.3125,90.1625,9.26875
2016-4-6 00:00:00,33.125,1006.875,31.375,88.475,3.475
2016-4-7 00:00:00,37,1007.266667,29.93333333,85.87999999,10.85
2016-4-8 00:00:00,36,1009.2,29.26666667,84.68000001,4.686666667
2016-4-9 00:00:00,32.46666667,1009.3125,30.73333333,87.31999999,12.61875
2016-4-10 00:00:00,29,1008.8125,32.25,90.05,5.225
2016-4-11 00:00:00,35,1009.4,29.8,85.64,16.04
2016-4-12 00:00:00,36.2,1006.333333,30.2,86.36,19.38
2016-4-13 00:00:00,28.0625,1003.3125,31.75,89.15,18.64375
2016-4-14 00:00:00,23.875,1003.8125,33.125,91.625,10.425
2016-4-15 00:00:00,25.375,1004.625,33.625,92.525,9.8375
2016-4-16 00:00:00,23.6875,1003.0625,35.6875,96.2375,11.1125
2016-4-17 00:00:00,23.86666667,1002.666667,34.66666667,94.40000001,9.386666667
2016-4-18 00:00:00,30.125,1004.6875,34.625,94.325,7.175
2016-4-19 00:00:00,33.6,1005.866667,34,93.2,4.566666667
2016-4-20 00:00:00,25.9375,1006.4375,34.0625,93.3125,14.01875
2016-4-21 00:00:00,24.66666667,1003.4,34,93.2,15.75
2016-4-22 00:00:00,24.25,1001.727273,33.25,91.85,8.35
2016-4-23 00:00:00,21.81818182,1001.846154,31.91666667,89.45000001,19.65384615
2016-4-24 00:00:00,22.125,1003.0625,31.3125,88.3625,10.1875
2016-4-25 00:00:00,22.8125,1005.5625,31.75,89.15,6.95
2016-4-26 00:00:00,25.1875,1007.1875,33.4375,92.1875,3.83125
2016-4-27 00:00:00,29.0625,1005.6875,33.125,91.625,4.98125
2016-4-28 00:00:00,21.76923077,1004.692308,34.15384615,93.47692307,11.82307692
2016-4-29 00:00:00,23.28571429,1005.714286,34.07142857,93.32857143,9.123076923
2016-4-30 00:00:00,25.5625,1004.8125,33.0625,91.5125,5.2125
2016-5-1 00:00:00,23.375,1002.4375,34.6875,94.4375,8.575
2016-5-2 00:00:00,18.46666667,1002.2,38,100.4,9.513333333
2016-5-3 00:00:00,30.375,1004.3125,35.5,95.9,6.49375
2016-5-4 00:00:00,31.85714286,1003.785714,33.71428571,92.68571428,10.46428571
2016-5-5 00:00:00,42,1007.466667,30.6,87.08,11.24666667
2016-5-6 00:00:00,37.4375,1007,31.4375,88.5875,8.225
2016-5-7 00:00:00,37.1875,1005.5625,33.3125,91.9625,4.65
2016-5-8 00:00:00,36.33333333,1005.933333,35.13333333,95.23999999,7.293333333
2016-5-9 00:00:00,40.6,1006.0625,33.53333333,92.35999999,18.425
2016-5-10 00:00:00,39.75,1006.5625,34,93.2,10.55625
2016-5-11 00:00:00,49.9375,1006.0625,32.5,90.5,7.775
2016-5-12 00:00:00,40,1002.25,35.375,95.675,5.1
2016-5-13 00:00:00,28.11764706,1001.352941,37.29411765,99.12941177,8.070588235
2016-5-14 00:00:00,31.875,1003.125,36.5625,97.8125,4.16875
2016-5-15 00:00:00,29.5,1003.5625,37.25,99.05,4.75
2016-5-16 00:00:00,23.5,1000.8,37.21428571,98.98571428,9.02
2016-5-17 00:00:00,25.8125,998.9375,37.5,99.5,9.6125
2016-5-18 00:00:00,27.625,997.8125,37.75,99.95,8.45
2016-5-19 00:00:00,40.5,998.625,37.375,99.275,9.3875
2016-5-20 00:00:00,44.2,996.9333333,37.4,99.32,8.413333333
2016-5-21 00:00:00,45.4,995.9333333,36.13333333,97.03999999,10.87333333
2016-5-22 00:00:00,44.8,996.4666667,36.8,98.24,6.553333333
2016-5-23 00:00:00,47.92857143,999.5714286,32.21428571,89.98571428,14.95
2016-5-24 00:00:00,53.52631579,1000.736842,31.52631579,88.74736842,8.494736842
2016-5-25 00:00:00,46.60869565,997.4782609,33.2173913,91.79130434,10.16086957
2016-5-26 00:00:00,44.57692308,999.1538462,35.26923077,95.48461539,15.17692308
2016-5-27 00:00:00,26.09090909,999.9545455,38.27272727,100.8909091,15.31818182
2016-5-28 00:00:00,37.25,999.8333333,36.0625,96.9125,14.40555556
2016-5-29 00:00:00,57.0625,1001.25,31.5,88.7,11.68125
2016-5-30 00:00:00,74.8125,1003.8125,26.8125,80.2625,9.4875
2016-5-31 00:00:00,51.21428571,1002.307692,32.64285714,90.75714285,7.407142857
2016-6-1 00:00:00,42.2,1002.733333,36,96.8,9.133333333
2016-6-2 00:00:00,35.3125,1002,37.5625,99.6125,11.93125
2016-6-3 00:00:00,40.6875,1002.25,37.5625,99.6125,2.78125
2016-6-4 00:00:00,42.06666667,1001.866667,38.2,100.76,3.206666667
2016-6-5 00:00:00,51.75,1002.833333,36.16666667,97.10000001,8.5
2016-6-6 00:00:00,45.71428571,1001.571429,35.42857143,95.77142857,11
2016-6-7 00:00:00,59.1875,1002.0625,34.625,94.325,21.30625
2016-6-8 00:00:00,44.64285714,999.2142857,36.07142857,96.92857143,8.485714286
2016-6-9 00:00:00,43.73333333,938.0666667,35.73333333,96.31999999,9.26
2016-6-10 00:00:00,41.86666667,998.25,36.13333333,97.03999999,10.08125
2016-6-11 00:00:00,49.9375,999,33.4375,92.1875,8.8125
2016-6-12 00:00:00,37.125,998.8125,35.5,95.9,9.1625
2016-6-13 00:00:00,43.3125,998.1875,36,96.8,12.85
2016-6-14 00:00:00,55.125,997.8125,32.625,90.725,11.86
2016-6-15 00:00:00,48.86666667,996.1333333,34.73333333,94.51999999,10.51333333
2016-6-16 00:00:00,51.28571429,999,33.5,92.3,11.39285714
2016-6-17 00:00:00,52.25,999.4285714,34.1875,93.5375,7.425
2016-6-18 00:00:00,50.57142857,1000.857143,35.85714286,96.54285715,10.85714286
2016-6-19 00:00:00,53.25,1001.375,35.625,96.125,9.3875
2016-6-20 00:00:00,73.9375,1000.6875,30.9375,87.6875,7.64375
2016-6-21 00:00:00,62.1875,999.9375,32.875,91.175,8.91875
2016-6-22 00:00:00,60.8125,1001.5625,33.125,91.625,7.41875
2016-6-23 00:00:00,51.61538462,999.6923077,33.84615385,92.92307693,5.875
2016-6-24 00:00:00,46.5625,998.3125,36.4375,97.5875,7.7625
2016-6-25 00:00:00,55.92857143,1000.071429,35.42857143,95.77142857,9.664285714
2016-6-26 00:00:00,57.46666667,1000.375,34.86666667,94.76000001,7.66
2016-6-27 00:00:00,61.25,998.8666667,34.3125,93.7625,7.99375
2016-6-28 00:00:00,75.07142857,1001.5,30.78571429,87.41428572,5.435714286
2016-6-29 00:00:00,58.875,1001.1875,35.375,95.675,8.45
2016-6-30 00:00:00,60.2,997.8666667,35.46666667,95.84000001,6.793333333
2016-7-1 00:00:00,73.4,1002.5625,32.125,89.825,8.35
2016-7-2 00:00:00,80,998.375,28.4,83.12,5.23125
2016-7-3 00:00:00,78.125,998.25,29.5625,85.2125,1.96875
2016-7-4 00:00:00,76.3125,997.125,30.6875,87.2375,3.48125
2016-7-5 00:00:00,68.6875,995.5625,33.25,91.85,5.3375
2016-7-6 00:00:00,64.06666667,996.8666667,33.26666667,91.88000001,8.878571429
2016-7-7 00:00:00,63,997.6875,33.5,92.3,5.91875
2016-7-8 00:00:00,75.86666667,997.4,30.8,87.44,5.433333333
2016-7-9 00:00:00,66.0625,996.75,33.25,91.85,6.73125
2016-7-10 00:00:00,65.6875,996.0625,32.5625,90.6125,4.7
2016-7-11 00:00:00,71.9375,997.75,31.5,88.7,8.046666667
2016-7-12 00:00:00,80.1875,999.0625,30.5,86.9,5.5625
2016-7-13 00:00:00,76.3125,998.4375,31.25,88.25,6.806666667
2016-7-14 00:00:00,80.4375,998.375,30.4375,86.7875,5.21875
2016-7-15 00:00:00,78.0625,998.625,31,87.8,7.271428571
2016-7-16 00:00:00,93.875,999.875,27.125,80.825,4.371428571
2016-7-17 00:00:00,86.5625,1001.333333,28.125,82.625,6.6
2016-7-18 00:00:00,91.26666667,1000.8,27.66666667,81.80000001,7.653333333
2016-7-19 00:00:00,69.125,999.875,32.3125,90.1625,13.65625
2016-7-20 00:00:00,59.5625,999.625,34.1875,93.5375,12.9625
2016-7-21 00:00:00,56.86666667,999.2666667,34.13333333,93.43999999,11.48
2016-7-22 00:00:00,56.125,999.3333333,34.125,93.425,8.6875
2016-7-23 00:00:00,66,1001.625,31.875,89.375,7.76875
2016-7-24 00:00:00,72.25,946.3125,31.4375,88.5875,2.43125
2016-7-25 00:00:00,69.125,1001.875,31.9375,89.4875,2.9125
2016-7-26 00:00:00,82,1003.125,30.3125,86.5625,6.485714286
2016-7-27 00:00:00,88.25,1004.625,28.3125,82.9625,4.29375
2016-7-28 00:00:00,81.33333333,1002.066667,29.53333333,85.15999999,5.186666667
2016-7-29 00:00:00,92.4375,1000.9375,27.375,81.275,2.43125
2016-7-30 00:00:00,92.26666667,1001.2,27.33333333,81.19999999,1.86
2016-7-31 00:00:00,83.13333333,1000.666667,29.26666667,84.68000001,4.7
2016-8-1 00:00:00,84.25,999.125,29.125,84.425,5.9125
2016-8-2 00:00:00,72.125,310.4375,30.6875,87.2375,6.375
2016-8-3 00:00:00,63.5625,998.5,32.5625,90.6125,5.45
2016-8-4 00:00:00,63.88888889,998.7777778,33.11111111,91.6,7.927777778
2016-8-5 00:00:00,61.66666667,999.3333333,33.8,92.84,4.32
2016-8-6 00:00:00,76,1000.8,30.06666667,86.12000001,6.926666667
2016-8-7 00:00:00,65.17647059,1000.529412,33.11764706,91.61176471,7.852941176
2016-8-8 00:00:00,62.38095238,999.6363636,33.80952381,92.85714286,9.440909091
2016-8-9 00:00:00,71.65384615,998.5,31.61538462,88.90769232,9.55
2016-8-10 00:00:00,71.25925926,999.3703704,32,89.6,10.15925926
2016-8-11 00:00:00,89.46428571,1001.607143,28.10714286,82.59285715,7.821428571
2016-8-12 00:00:00,85,1002.285714,29.03571429,84.26428572,3.848148148
2016-8-13 00:00:00,77.07142857,1001.071429,30.32142857,86.57857143,3.22962963
2016-8-14 00:00:00,83.7,633.9,28.93333333,84.07999999,6.37
2016-8-15 00:00:00,67.64285714,999.2857143,31.67857143,89.02142857,12.725
2016-8-16 00:00:00,66.41666667,-3.041666667,31.33333333,88.39999999,14.66666667
2016-8-17 00:00:00,72.5,999.5185185,29.92857143,85.87142857,6.325
2016-8-18 00:00:00,79.81481481,999.9230769,29.88888889,85.8,1.722222222
2016-8-19 00:00:00,68.28571429,999.8928571,32.07142857,89.72857143,1.917857143
2016-8-20 00:00:00,66.48148148,1000.16,33.18518519,91.73333334,10.36666667
2016-8-21 00:00:00,68.07407407,1001.192308,31.59259259,88.86666666,10.02222222
2016-8-22 00:00:00,65.55555556,1002.888889,32.18518519,89.93333334,8.237037037
2016-8-23 00:00:00,70.08,1003.24,31.48,88.664,6.084
2016-8-24 00:00:00,79.28571429,1002.5,30.17857143,86.32142857,8.419230769
2016-8-25 00:00:00,72.44,1004.423077,31.52,88.736,6.276923077
2016-8-26 00:00:00,73.81481481,1005.222222,31.22222222,88.2,4.392592593
2016-8-27 00:00:00,70.28571429,1006.142857,31.78571429,89.21428572,7.15
2016-8-28 00:00:00,66.24,1006.2,33.4,92.12,7.272
2016-8-29 00:00:00,82.32142857,1003.607143,29.57142857,85.22857143,5.825
2016-8-30 00:00:00,76.8,1002.192308,30.04,86.072,8.903846154
2016-8-31 00:00:00,89.55555556,1003.037037,27.25925926,81.06666667,6.72962963
2016-9-1 00:00:00,87.24,1002.44,27.96,82.328,4.148
2016-9-2 00:00:00,71.73913043,1001.272727,30.73913043,87.33043477,13.20434783
2016-9-3 00:00:00,62.68421053,1001.157895,30.89473684,87.61052631,13.26315789
2016-9-4 00:00:00,59.30769231,1002.923077,31.69230769,89.04615384,11.12307692
2016-9-5 00:00:00,60.30769231,1003.230769,31.07692308,87.93846154,13.96153846
2016-9-6 00:00:00,55,1003.75,30.375,86.675,13.4375
2016-9-7 00:00:00,57.7,1003.454545,31.1,87.98,9.1
2016-9-8 00:00:00,58,1005.166667,31.91666667,89.45000001,10.80833333
2016-9-9 00:00:00,56.66666667,1004.333333,30.55555556,87.00000001,11.52222222
2016-9-10 00:00:00,58.23076923,1005.230769,31.23076923,88.21538461,11.96923077
2016-9-11 00:00:00,56.4,1003.8,31,87.8,8.15
2016-9-12 00:00:00,55.5,1005.071429,31.64285714,88.95714285,10.85
2016-9-13 00:00:00,57.06666667,1006.4,32.53333333,90.55999999,8.526666667
2016-9-14 00:00:00,70.35714286,1006.928571,30.85714286,87.54285715,4.235714286
2016-9-15 00:00:00,59.63636364,1004.75,31.72727273,89.10909091,11.9
2016-9-16 00:00:00,58,1004.4,31.4,88.52,3.52
2016-9-17 00:00:00,58,1003.153846,32.30769231,90.15384616,2.707692308
2016-9-18 00:00:00,58.83333333,1005,32.25,90.05,17.90833333
2016-9-19 00:00:00,59.45833333,1004.708333,32.375,90.275,2.0875
2016-9-20 00:00:00,54.07407407,1003.518519,33.44444444,92.19999999,2.569230769
2016-9-21 00:00:00,58.96,1005.4,33.36,92.048,6.092
2016-9-22 00:00:00,67.62962963,1008.777778,30.03703704,86.06666667,8.107407407
2016-9-23 00:00:00,66.10714286,1005.321429,31,87.8,3.571428571
2016-9-24 00:00:00,66.48,1352.615385,31.24,88.232,5.496153846
2016-9-25 00:00:00,62.30434783,1004.782609,31.13043478,88.0347826,3.147826087
2016-9-26 00:00:00,60.88,1006.76,31.48,88.664,2.986956522
2016-9-27 00:00:00,57.81481481,1006.703704,32.18518519,89.93333334,1.780769231
2016-9-28 00:00:00,55.28,1005.28,32.44,90.392,2.52
2016-9-29 00:00:00,61.31818182,1005.590909,32.22727273,90.00909091,3.963636364
2016-9-30 00:00:00,59.35714286,1005.571429,32.21428571,89.98571428,2.582142857
2016-10-1 00:00:00,61.91666667,1007.5,32.54166667,90.57500001,3.170833333
2016-10-2 00:00:00,61.81481481,1009.111111,32.81481481,91.06666666,4.122222222
2016-10-3 00:00:00,59.57692308,1007.185185,33.26923077,91.88461539,3.992592593
2016-10-4 00:00:00,69.81481481,1005.37037,30.55555556,87.00000001,5.77037037
2016-10-5 00:00:00,71.875,1005.25,28.83333333,83.89999999,3.325
2016-10-6 00:00:00,64.81481481,1007.148148,30.7037037,87.26666666,3.233333333
2016-10-7 00:00:00,59.96,1007.2,30.96,87.728,15.825
2016-10-8 00:00:00,57.96,1006.846154,30.6,87.08,8.761538462
2016-10-9 00:00:00,59.2,1005.96,30.92,87.656,3.184
2016-10-10 00:00:00,51.11111111,1006.148148,29.77777778,85.6,4.807407407
2016-10-11 00:00:00,51.14814815,1006.592593,29.66666667,85.40000001,8.922222222
2016-10-12 00:00:00,47.28571429,1006.25,29.57142857,85.22857143,11.37142857
2016-10-13 00:00:00,44,1008.333333,29.96296296,85.93333333,13.02222222
2016-10-14 00:00:00,47.875,1009.125,29.75,85.55,8.934782609
2016-10-15 00:00:00,54.14814815,1010.518519,27.74074074,81.93333333,6.662962963
2016-10-16 00:00:00,49.85714286,1011.857143,28.42857143,83.17142857,7.014285714
2016-10-17 00:00:00,49.24,1010.56,28.6,83.48,7.116
2016-10-18 00:00:00,48.45833333,1009.458333,28.5,83.3,7.668181818
2016-10-19 00:00:00,49.18518519,1008.555556,28.92592593,84.06666667,6.459259259
2016-10-20 00:00:00,47.73076923,1007.538462,29.07692308,84.33846154,9.124
2016-10-21 00:00:00,50.40909091,1008.727273,28.40909091,83.13636364,10.69545455
2016-10-22 00:00:00,49.48148148,1009.37037,29.33333333,84.79999999,13.32307692
2016-10-23 00:00:00,54.96153846,1009.307692,27.5,81.5,11.54615385
2016-10-24 00:00:00,51.42307692,1008.269231,28.5,83.3,11.18846154
2016-10-25 00:00:00,54.56,1008.923077,28.04,82.472,12.38846154
2016-10-26 00:00:00,56.19230769,1011.730769,27.57692308,81.63846154,5.7
2016-10-27 00:00:00,59.37037037,1014.62963,26.55555556,79.80000001,6.044444444
2016-10-28 00:00:00,58.77777778,1012.407407,25.51851852,77.93333334,7.277777778
2016-10-29 00:00:00,62.77777778,1013,25.81481481,78.46666666,1.714814815
2016-10-30 00:00:00,71.04347826,1014.608696,24.82608696,76.68695653,2.013043478
2016-10-31 00:00:00,66.80769231,1017.807692,24.53846154,76.16923077,1.642307692
2016-11-1 00:00:00,58.73076923,1016.384615,24.38461538,75.89230768,2.715384615
2016-11-2 00:00:00,65.90909091,1016.590909,23.72727273,74.70909091,1.431818182
2016-11-3 00:00:00,59.76,1016.24,25.64,78.152,2.232
2016-11-4 00:00:00,58.2962963,1012.62963,24.81481481,76.66666666,4.122222222
2016-11-5 00:00:00,66.57692308,1010.346154,23.11538462,73.60769232,5.784615385
2016-11-6 00:00:00,63.85185185,1011.518519,22.92592593,73.26666667,2.411111111
2016-11-7 00:00:00,51.31818182,1012.772727,24.54545455,76.18181819,8.172727273
2016-11-8 00:00:00,52.26923077,1013.64,23.73076923,74.71538461,12.75
2016-11-9 00:00:00,49.7037037,1014.666667,23,73.4,7.074074074
2016-11-10 00:00:00,50.14814815,1013.814815,23.51851852,74.33333334,3.225925926
2016-11-11 00:00:00,54.04,1014.08,23.92,75.056,2.968
2016-11-12 00:00:00,58.03846154,1015.153846,23.53846154,74.36923077,2.784615385
2016-11-13 00:00:00,55.81481481,1016.518519,24.2962963,75.73333334,4.4
2016-11-14 00:00:00,60.73076923,1015.730769,23.34615385,74.02307693,1.496153846
2016-11-15 00:00:00,55.72,1016.24,22.24,72.032,4.088
2016-11-16 00:00:00,53.23076923,1017.538462,21.76923077,71.18461539,7.138461538
2016-11-17 00:00:00,51.73076923,1350.296296,21.73076923,71.11538461,11.55
2016-11-18 00:00:00,53.61538462,1014.692308,21.73076923,71.11538461,7.78
2016-11-19 00:00:00,60.66666667,1012.466667,20.66666667,69.20000001,2.84
2016-11-20 00:00:00,59.9,1013.35,22.25,72.05,2.505
2016-11-21 00:00:00,60.46153846,1013,21.53846154,70.76923077,2.715384615
2016-11-22 00:00:00,50.15789474,1012.894737,22.57894737,72.64210527,8
2016-11-23 00:00:00,51.43478261,1013.173913,22.82608696,73.08695653,6.604347826
2016-11-24 00:00:00,51.47368421,1014.947368,21.42105263,70.55789473,8.289473684
2016-11-25 00:00:00,30.55,1012.95,23.6,74.48,15.085
2016-11-26 00:00:00,32.64705882,1013.25,24.29411765,75.72941177,14.49411765
2016-11-27 00:00:00,33.63636364,1013.590909,23.63636364,74.54545455,12.45909091
2016-11-28 00:00:00,37.31818182,12.04545455,22.45454545,72.41818181,9.185714286
2016-11-29 00:00:00,53.72222222,1015,21.61111111,70.9,1.238888889
2016-11-30 00:00:00,80.08695652,1016.608696,19.86956522,67.7652174,4.269565217
2016-12-1 00:00:00,84,1016.875,19.75,67.55,2.704166667
2016-12-2 00:00:00,75.875,1017.75,19.20833333,66.57499999,4.945833333
2016-12-3 00:00:00,52.16666667,1019.333333,21.20833333,70.17499999,5.866666667
2016-12-4 00:00:00,55.25,1019.7,18.9,66.02,5.666666667
2016-12-5 00:00:00,56.59090909,1017.045455,18.63636364,65.54545455,4.952380952
2016-12-6 00:00:00,69.92307692,1017.961538,18.53846154,65.36923077,2.503846154
2016-12-7 00:00:00,74.35,1017.421053,18.25,64.85,0.925
2016-12-8 00:00:00,73.3,1016.2,16.9,62.42,1.765
2016-12-9 00:00:00,68.125,1013.416667,19.41666667,66.95000001,1.3125
2016-12-10 00:00:00,82.83333333,1014,16.44444444,61.59999999,5.355555556
2016-12-11 00:00:00,69.58333333,1013.291667,20.04166667,68.07500001,4.716666667
2016-12-12 00:00:00,63.86363636,1014.181818,19.90909091,67.83636364,3.281818182
2016-12-13 00:00:00,62.35,1015.1,19.05,66.29,3.43
2016-12-14 00:00:00,58.61111111,1017.333333,18.55555556,65.40000001,8.027777778
2016-12-15 00:00:00,56.625,1016.666667,18.16666667,64.70000001,9.879166667
2016-12-16 00:00:00,63.27777778,1018.777778,15.83333333,60.49999999,3.916666667
2016-12-17 00:00:00,63.38888889,1016.947368,17.5,63.5,6.731578947
2016-12-18 00:00:00,64.54166667,1018.083333,16.08333333,60.94999999,6.420833333
2016-12-19 00:00:00,56.0952381,1017.428571,17.85714286,64.14285715,10.41428571
2016-12-20 00:00:00,48.53333333,1015.2,19.8,67.64,15.92666667
2016-12-21 00:00:00,54.3,1015.619048,18.05,64.49,19.4047619
2016-12-22 00:00:00,57.85714286,1016.142857,17.28571429,63.11428572,6.180952381
2016-12-23 00:00:00,74.7,1014.25,15.55,59.99,1.205
2016-12-24 00:00:00,78.63636364,1011.318182,17.31818182,63.17272728,5.236363636
2016-12-25 00:00:00,94.3,1014.35,14,57.2,9.085
2016-12-26 00:00:00,74.85714286,1016.952381,17.14285714,62.85714285,8.784210526
2016-12-27 00:00:00,67.55,1017.2,16.85,62.33,8.335
2016-12-28 00:00:00,68.04347826,1015.565217,17.2173913,62.99130434,3.547826087
2016-12-29 00:00:00,87.85714286,1016.904762,15.23809524,59.42857143,6
2016-12-30 00:00:00,89.66666667,1017.904762,14.0952381,57.37142858,6.266666667
2016-12-31 00:00:00,87,1016.1,15.05263158,59.09473684,7.325
2017-1-1 00:00:00,100,1016,10,50,0
2017-1-2 00:00:00,74.97589364,1016.298456,,59.43801346,
2017-1-3 00:00:00,73.82583788,1017.572544,,59.61658472,
2017-1-4 00:00:00,73.39077252,1017.120581,,59.43181702,
2017-1-5 00:00:00,74.30445931,1017.645921,,58.00117491,
2017-1-6 00:00:00,75.52587473,1017.962387,,56.87481248,
2017-1-7 00:00:00,77.66987723,1017.477316,,56.43395718,
2017-1-8 00:00:00,76.30073356,1017.828683,,56.21972881,
2017-1-9 00:00:00,71.97012386,1017.950006,,56.85704501,
2017-1-10 00:00:00,73.06631873,1018.382609,,57.11476456,
2017-1-11 00:00:00,74.08425016,1019.049849,,57.37187867,
2017-1-12 00:00:00,75.98941606,1019.685077,,56.88068433,
2017-1-13 00:00:00,75.7000636,1019.447659,,55.10692703,
2017-1-14 00:00:00,80.11702526,1019.486315,,54.72238286,
2017-1-15 00:00:00,78.39417163,1019.89427,,54.23199506,
2017-1-16 00:00:00,78.09907725,1019.926844,,54.63738862,
2017-1-17 00:00:00,76.58902981,1019.810306,,54.83474955,
2017-1-18 00:00:00,77.25562756,1019.732707,,55.10382273,
2017-1-19 00:00:00,75.80026765,1020.072722,,54.46932273,
2017-1-20 00:00:00,74.55656906,1020.085815,,53.43185916,
2017-1-21 00:00:00,75.23339972,1020.236011,,53.49675769,
2017-1-22 00:00:00,75.42320792,1020.614278,,53.44429057,
2017-1-23 00:00:00,74.25721386,1020.677856,,54.10599124,
2017-1-24 00:00:00,75.83931775,1020.72583,,54.76734835,
2017-1-25 00:00:00,73.25022705,1020.26818,,55.14835923,
2017-1-26 00:00:00,72.07735655,1020.263798,,54.93266905,
2017-1-27 00:00:00,71.77349606,1019.416285,,53.89995408,
2017-1-28 00:00:00,74.46461842,1019.69213,,54.05268065,
2017-1-29 00:00:00,76.86291295,1019.320015,,54.10836056,
2017-1-30 00:00:00,77.11206806,1020.100611,,54.99497099,
2017-1-31 00:00:00,76.08995846,1020.648894,,56.10049488,
2017-2-1 00:00:00,64.76875832,1020.109226,,56.21124844,
2017-2-2 00:00:00,64.24562334,1019.859391,,55.91986442,
2017-2-3 00:00:00,64.0047028,1018.947109,,55.20213083,
2017-2-4 00:00:00,65.72061501,1019.127413,,55.94971097,
2017-2-5 00:00:00,66.84376314,1019.051319,,55.79577202,
2017-2-6 00:00:00,65.73484879,1018.507888,,56.38685971,
2017-2-7 00:00:00,66.34884578,1019.557411,,57.35368361,
2017-2-8 00:00:00,64.15916036,1020.544917,,58.01492219,
2017-2-9 00:00:00,61.23985355,1021.179897,,57.55678621,
2017-2-10 00:00:00,63.24518365,1020.232242,,56.70067862,
2017-2-11 00:00:00,66.41409265,1020.608881,,57.78206705,
2017-2-12 00:00:00,68.52871989,1020.466448,,58.27101508,
2017-2-13 00:00:00,65.90903766,1020.522209,,58.98643496,
2017-2-14 00:00:00,68.79599381,1020.584027,,59.91101978,
2017-2-15 00:00:00,66.25259843,1021.027808,,60.61671014,
2017-2-16 00:00:00,67.36880694,1019.988162,,59.91521403,
2017-2-17 00:00:00,66.76789473,1020.27659,,58.91588252,
2017-2-18 00:00:00,69.58547006,1020.545691,,59.09654694,
2017-2-19 00:00:00,68.33957148,1020.723263,,59.26313945,
2017-2-20 00:00:00,64.76554312,1020.985661,,60.06220637,
2017-2-21 00:00:00,63.91236827,1021.376279,,60.68726001,
2017-2-22 00:00:00,63.28163472,1020.318564,,60.75704424,
2017-2-23 00:00:00,63.52694356,1019.84577,,59.80531306,
2017-2-24 00:00:00,66.01818268,1019.601914,,58.25118837,
2017-2-25 00:00:00,65.58006955,1019.525162,,58.57431997,
2017-2-26 00:00:00,64.61666039,1019.891954,,58.87670631,
2017-2-27 00:00:00,61.98247013,1020.098711,,59.56674232,
2017-2-28 00:00:00,63.14358697,1020.049218,,59.86780742,
2017-3-1 00:00:00,57.35507654,1020.090208,,59.55037005,
2017-3-2 00:00:00,56.83194156,1020.02855,,58.96663426,
2017-3-3 00:00:00,56.59102103,1020.242023,,57.76440494,
2017-3-4 00:00:00,58.30693324,1020.352016,,57.97813956,
2017-3-5 00:00:00,59.43008137,1020.865522,,58.40464812,
2017-3-6 00:00:00,58.32116701,1020.534662,,59.54538688,
2017-3-7 00:00:00,58.93516401,1020.409278,,60.16701296,
2017-3-8 00:00:00,56.74547858,1020.053384,,60.60011253,
2017-3-9 00:00:00,53.82617178,1020.283453,,60.20496663,
2017-3-10 00:00:00,55.83150188,1019.855786,,59.31089909,
2017-3-11 00:00:00,59.00041088,1020.147712,,60.00056548,
2017-3-12 00:00:00,61.11503812,1020.484445,,60.6630117,
2017-3-13 00:00:00,58.49535589,1020.63579,,61.91034657,
2017-3-14 00:00:00,61.38231203,1020.870661,,62.75028608,
2017-3-15 00:00:00,58.83891666,1020.971713,,63.2644086,
2017-3-16 00:00:00,59.95512517,1020.749944,,63.34453585,
2017-3-17 00:00:00,59.35421296,1020.655952,,63.06588088,
2017-3-18 00:00:00,62.17178828,1020.530386,,63.53603843,
2017-3-19 00:00:00,60.92588971,1020.55057,,63.85408425,
2017-3-20 00:00:00,57.35186134,1020.84867,,64.62805351,
2017-3-21 00:00:00,56.4986865,1020.993464,,65.27634244,
2017-3-22 00:00:00,55.86795294,1020.888105,,65.80921785,
2017-3-23 00:00:00,56.11326179,1020.645074,,65.9547669,
2017-3-24 00:00:00,58.6045009,1020.617573,,65.71140259,
2017-3-25 00:00:00,58.16638777,1020.82048,,66.77603091,
2017-3-26 00:00:00,57.20297861,1021.239943,,67.05442627,
2017-3-27 00:00:00,54.56878835,1021.154745,,68.07680643,
2017-3-28 00:00:00,55.72990519,1020.719869,,69.46929201,
2017-3-29 00:00:00,57.30765797,1020.514898,,70.34804767,
2017-3-30 00:00:00,58.96811598,1019.998249,,70.59984403,
2017-3-31 00:00:00,58.85514161,1019.715946,,69.48899936,
2017-4-1 00:00:00,37.2206773,1019.961412,,69.8526884,
2017-4-2 00:00:00,36.90700365,1019.940008,,70.0130849,
2017-4-3 00:00:00,34.33575335,1019.864976,,71.33304798,
2017-4-4 00:00:00,34.52166005,1019.835344,,72.48120053,
2017-4-5 00:00:00,34.82426642,1019.354745,,73.96286006,
2017-4-6 00:00:00,35.12665497,1019.4503,,74.25403928,
2017-4-7 00:00:00,36.64978719,1019.931033,,73.10706879,
2017-4-8 00:00:00,36.61107933,1019.957104,,73.21956879,
2017-4-9 00:00:00,33.90123387,1019.847448,,73.09332995,
2017-4-10 00:00:00,33.5762342,1019.039729,,74.77882897,
2017-4-11 00:00:00,35.21513769,1018.643103,,75.37902763,
